Id,Label,io,iob,year,field,field2,type,polygon_field,color_field,polygon_io,color_io,color_io2,polygon
1,AAICJ1985SiracusaPrincICCPR,AAICJ,,1985,Political,Civil,Princ,3,#e377c2,,,,0
2,AALCO1966PrincRefugees,AALCO,,1966,Discrimination,Refugee,Princ,6,#d62728,,,,0
3,ASEAN2012HRDecl,ASEAN,COP,2012,General,,Decl,,#2ca02c,3,#00bffe,,0
4,ASEAN2013DeclElimVioWoCh,ASEAN,COP,2013,Discrimination,Women,Decl,6,#d62728,3,#00bffe,,0
5,AU1963Charter,AU,AUA,1963,NonHR,NonHR-Institutions,Charter,,#c7c7c7,3,#e377c2,,0
6,AU1969Refugee,AU,AUA,1969,Political,Refugee,Conv,3,#e377c2,3,#e377c2,,0
7,AU1976Cult,AU,AUA,1976,Community,Culture,Conv,7,#8c564b,3,#e377c2,,0
8,AU1979DecChild,AU,AUA,1979,Discrimination,Children,Dec,6,#d62728,3,#e377c2,,0
9,AU1981CharterHR,AU,AUA,1981,General,,Charter,,#2ca02c,3,#e377c2,,0
10,AU1990Child,AU,AUA,1990,Discrimination,Children,Conv,6,#d62728,3,#e377c2,,0
11,AU1994DocRef,AU,AUA,1994,Political,Refugee,Decl,3,#e377c2,3,#e377c2,,0
12,AU1995ResAHGRes240XXXI,AU,AUA,1995,Institution,,Res,,#c7c7c7,3,#e377c2,,0
13,AU1998ProtEstCourt,AU,AUA,1998,Institution,,Prot,,#9467bd,3,#e377c2,,0
14,AU2000ConstAct,AU,AUA,2000,NonHR,NonHR-Institutions,Conv,,#c7c7c7,3,#e377c2,,0
15,AU2003AssemblyAUDecl12III,AU,AUA,2003,Discrimination,Women,Decl,6,#d62728,3,#e377c2,,0
16,AU2003KigaliDec,AU,ACHPR,2003,General,,Decl,,#2ca02c,3,#e377c2,,0
17,AU2003Women,AU,AUA,2003,Discrimination,Women,Prot,6,#d62728,3,#e377c2,,0
18,AU2006Youth,AU,AUA,2006,Discrimination,Children,Charter,6,#d62728,3,#e377c2,,0
19,AU2007Dem,AU,AUA,2007,Political,,Charter,3,#e377c2,3,#e377c2,,0
20,AU2008ProtocCourt,AU,AUA,2008,Institution,,Prot,,#9467bd,3,#e377c2,,0
21,AU2009IntDispl,AU,AUA,2009,Political,Refugee,Conv,3,#e377c2,3,#e377c2,,0
22,AU2011PrincGuidImplESCR,AU,ACHPR,2011,EcoSoc,,Princ,5,#ff7f0e,3,#e377c2,,0
23,AU2014ProtChourtHR,AU,AUA,2014,Institution,,Prot,,#9467bd,3,#e377c2,,0
24,AU2015ACHPRGenCom3,AU,ACHPR,2015,Civil,PhysInt,GenCom,4,#1f77b4,3,#e377c2,,3
25,AU2016LegAidFund,AU,AUA,2016,Institution,,Conv,,#9467bd,3,#e377c2,,0
26,AU2016Older,AU,AUA,2016,Discrimination,Elderly,Prot,6,#d62728,3,#e377c2,,0
27,AU2017ACHPRAssociaAssembl,AU,ACHPR,2017,Political,Assembly,Guide,3,#e377c2,3,#e377c2,,0
28,AU2017ACHPRGuidePolicAssembl,AU,ACHPR,2017,Political,Assembly,Guide,3,#e377c2,3,#e377c2,,0
29,AU2018Disab,AU,AUA,2018,Discrimination,Disab,Prot,6,#d62728,3,#e377c2,,0
30,AU2022ACHPRGuideProtEnfDis,AU,ACHPR,2022,Civil,ForceDis,Guide,4,#1f77b4,3,#e377c2,,0
31,CCPCJ2008172,UN,CCPCJ,2008,NonHR,,Res,,#c7c7c7,,#1f77b4,#f29385,0
32,COP1978Racism,WC,,1978,Discrimination,Race,Decl,6,#d62728,7,#8c564b,,0
33,CP1886BernConvArt,CP,,1886,NonHR,,Conv,,#c7c7c7,7,#8c564b,,0
34,CP1904WhiteSTraffic,CP,,1904,Civil,Traffick,Agre,4,#1f77b4,7,#8c564b,,0
35,CP1910ConvWhiteSTraffic,CP,,1910,Civil,Traffick,Conv,4,#1f77b4,7,#8c564b,,0
36,CP1921ConvSuppTraff,CP,,1921,Civil,Traffick,Conv,4,#1f77b4,7,#8c564b,,0
37,CP1926Slavery,CP,,1926,Civil,PhysInt,Conv,4,#1f77b4,7,#8c564b,,0
38,CP1941AtlanticCharter,CP,,1941,General,,Charter,,#2ca02c,7,#8c564b,,0
39,CP1942InterAmSocialCode,CP,,1942,EcoSoc,,Conv,5,#ff7f0e,7,#8c564b,,0
40,CP1945CharterNurmTrib,CP,,1945,IHL,WarCrimes,Charter,8,#7f7f7f,7,#8c564b,,0
41,CP1951Refugees,CP,,1951,Political,Refugee,Conv,3,#e377c2,7,#8c564b,,0
42,CP1954Stateless,CP,,1954,Political,Refugee,Conv,3,#e377c2,7,#8c564b,,0
43,CP1961RedStateless,CP,,1961,Political,Refugee,Conv,3,#e377c2,7,#8c564b,,0
44,CP1966ProtRefugee,CP,,1966,Political,Refugee,Prot,3,#e377c2,7,#8c564b,,0
45,CP1967ParisConvIndProp,CP,,1976,NonHR,,Conv,,#c7c7c7,7,#8c564b,,0
46,CP1989BaselConv,CP,,1989,NonHR,,Conv,,#c7c7c7,7,#8c564b,,0
47,CP1989ParisDeclWomChildAIDS,CP,,1989,EcoSoc,Living,Decl,5,#ff7f0e,7,#8c564b,,0
48,CP1990APSurvProtChild,WC,,1990,Discrimination,Children,Prot,6,#d62728,7,#8c564b,,0
49,CP1990DecSurvProtChild,WC,,1990,Discrimination,Children,Decl,6,#d62728,7,#8c564b,,0
50,CP1991BaselConvII12,CP,,1991,NonHR,NonHR-Environment,Conv,,#c7c7c7,7,#8c564b,,0
51,CP1992ConvProtChildAdopt,CP,,1993,Discrimination,Children,Conv,6,#d62728,7,#8c564b,,0
52,CP1996StockDecAgendActChild,WC,,1996,Discrimination,Children,Decl,6,#d62728,7,#8c564b,,0
53,CP1997AntiPMines,CP,,1997,NonHR,,Conv,,#c7c7c7,7,#8c564b,,0
54,CP1998ConvPIC,CP,,1998,NonHR,NonHR-Environment,Conv,,#c7c7c7,7,#8c564b,,0
55,CP2000WarAffChild,CP,,2000,Discrimination,Children,Decl,6,#d62728,7,#8c564b,,0
56,CP2001ConvPOP,CP,,2001,NonHR,,Conv,,#c7c7c7,7,#8c564b,,0
57,CP2001Yokohama,CP,,2001,Discrimination,Children,Decl,6,#d62728,7,#8c564b,,0
58,CP2006AbujaDec,CP,,2006,NonHR,,Decl,,#c7c7c7,7,#8c564b,,0
59,CP2007MessageBeppu,CP,,2007,EcoSoc,Living,Guide,5,#ff7f0e,7,#8c564b,,0
60,CP2008DelhiDecl,CP,,2008,NonHR,NonHR-Health,Decl,,#c7c7c7,7,#8c564b,,0
61,CP2009SESDecl,CP,,2009,Political,,Decl,3,#e377c2,7,#8c564b,,0
62,CP2011ColomboDecl,CP,,2011,NonHR,NonHR-Health,Decl,,#c7c7c7,7,#8c564b,,0
63,CP2013ChiangMai,CP,,2013,NonHR,NonHR-Development,Decl,,#c7c7c7,7,#8c564b,,0
64,CP2013KathmanduDecl,CP,,2013,NonHR,NonHR-Health,Decl,,#c7c7c7,7,#8c564b,,0
65,CP2013PanamaDecl,CP,,2013,NonHR,NonHR-Health,Decl,,#c7c7c7,7,#8c564b,,0
66,CoE1949Statute,CoE,COP,1949,Institution,,Statute,,#9467bd,4,#ff7f0e,,0
67,CoE1950HRConv,CoE,CM,1950,General,,Conv,,#2ca02c,4,#ff7f0e,,0
68,CoE1952HRConvP1,CoE,CM,1952,General,,Prot,,#2ca02c,4,#ff7f0e,,0
69,CoE1953ProtSocMedAss,CoE,CM,1953,EcoSoc,,Prot,5,#ff7f0e,4,#ff7f0e,,0
70,CoE1953SocMedAss,CoE,CM,1953,EcoSoc,,Conv,5,#ff7f0e,4,#ff7f0e,,0
71,CoE1955Estab,CoE,CM,1955,Civil,JustSys,Conv,4,#1f77b4,4,#ff7f0e,,0
72,CoE1957Extra,CoE,CM,1957,Civil,JustSys,Conv,4,#1f77b4,4,#ff7f0e,,0
73,CoE1957MovPers,CoE,CM,1957,Political,Migrate,Agre,3,#e377c2,4,#ff7f0e,,0
74,CoE1959AssCrime,CoE,CM,1959,Civil,JustSys,Conv,4,#1f77b4,4,#ff7f0e,,0
75,CoE1959VisaRefugee,CoE,CM,1959,Political,Refugee,Agre,3,#e377c2,4,#ff7f0e,,0
76,CoE1961ESC,CoE,CM,1961,EcoSoc,,Conv,5,#ff7f0e,4,#ff7f0e,,0
77,CoE1963HRConvP2,CoE,CM,1963,Institution,,Prot,,#9467bd,4,#ff7f0e,,0
78,CoE1963HRConvP3,CoE,CM,1963,Institution,,Prot,,#9467bd,4,#ff7f0e,,0
79,CoE1963HRConvP4,CoE,CM,1963,General,,Prot,,#2ca02c,4,#ff7f0e,,0
80,CoE1964CodeSocSec,CoE,CM,1964,EcoSoc,,Conv,5,#ff7f0e,4,#ff7f0e,,0
81,CoE1964ProtCodeSocSec,CoE,CM,1964,EcoSoc,,Prot,5,#ff7f0e,4,#ff7f0e,,0
82,CoE1966HRConvP5,CoE,CM,1966,Institution,,Prot,,#9467bd,4,#ff7f0e,,0
83,CoE1967AdopChild,CoE,CM,1967,Discrimination,Children,Conv,6,#d62728,4,#ff7f0e,,0
84,CoE1969AgreeParticEC,CoE,CM,1969,Civil,,Agre,4,#1f77b4,4,#ff7f0e,,0
85,CoE1970CrimJudg,CoE,CM,1970,Civil,JustSys,Conv,4,#1f77b4,4,#ff7f0e,,0
86,CoE1970RepaChild,CoE,CM,1970,Discrimination,Children,Conv,6,#d62728,4,#ff7f0e,,0
87,CoE1972SocSec,CoE,CM,1972,EcoSoc,SocSec,Conv,5,#ff7f0e,4,#ff7f0e,,0
88,CoE1972SuppSocSec,CoE,CM,1972,EcoSoc,SocSec,Agre,5,#ff7f0e,4,#ff7f0e,,0
89,CoE1974CrimeHuman,CoE,CM,1974,IHL,WarCrimes,Conv,8,#7f7f7f,4,#ff7f0e,,0
90,CoE1975APExtra,CoE,CM,1975,Civil,JustSys,Prot,4,#1f77b4,4,#ff7f0e,,0
91,CoE1975StatChild,CoE,CM,1975,Discrimination,Children,Conv,6,#d62728,4,#ff7f0e,,0
92,CoE1977StatMigrant,CoE,CM,1977,Political,Migrate,Conv,3,#e377c2,4,#ff7f0e,,0
93,CoE1978APAssCrime,CoE,CM,1978,Civil,,Prot,4,#1f77b4,4,#ff7f0e,,0
94,CoE1978APExtra2,CoE,CM,1978,Civil,JustSys,Prot,4,#1f77b4,4,#ff7f0e,,0
95,CoE1980CustChild,CoE,CM,1980,Discrimination,Children,Conv,6,#d62728,4,#ff7f0e,,0
96,CoE1980TrasRefugee,CoE,CM,1980,Political,Refugee,Agre,3,#e377c2,4,#ff7f0e,,0
97,CoE1981ProtAutomData,CoE,CM,1981,NonHR,,Prot,,#c7c7c7,4,#ff7f0e,,0
98,CoE1983HRConvP6,CoE,CM,1983,Civil,PhysInt,Prot,4,#1f77b4,4,#ff7f0e,,0
99,CoE1983TransSent,CoE,CM,1983,Civil,JustSys,Conv,4,#1f77b4,4,#ff7f0e,,0
100,CoE1984HRConvP7,CoE,CM,1984,Civil,JustSys,Prot,4,#1f77b4,4,#ff7f0e,,0
101,CoE1985HRConvP8,CoE,CM,1985,Institution,,Prot,,#9467bd,4,#ff7f0e,,0
102,CoE1987Torture,CoE,CM,1987,Civil,PhysInt,Conv,4,#1f77b4,4,#ff7f0e,,0
103,CoE1988ESCP1,CoE,CM,1988,EcoSoc,,Prot,5,#ff7f0e,4,#ff7f0e,,0
104,CoE1990HRConvP9,CoE,CM,1990,Institution,,Prot,,#9467bd,4,#ff7f0e,,0
105,CoE1990SocSecrev,CoE,CM,1990,EcoSoc,SocSec,Conv,5,#ff7f0e,4,#ff7f0e,,0
106,CoE1991CoMRec9111,CoE,CM,1991,Discrimination,Crime,Rec,6,#d62728,4,#ff7f0e,,0
107,CoE1991ESCP2,CoE,CM,1991,EcoSoc,,Prot,5,#ff7f0e,4,#ff7f0e,,0
108,CoE1992HRConvP10,CoE,CM,1992,Institution,,Prot,,#9467bd,4,#ff7f0e,,0
109,CoE1992RegMinLang,CoE,CM,1992,Community,Minority,Conv,7,#8c564b,4,#ff7f0e,,0
110,CoE1993COEfirstSummit,CoE,CM,1993,NonHR,NonHR-Institutions,Decl,,#c7c7c7,4,#ff7f0e,,0
111,CoE1993TortureP1,CoE,CM,1993,Civil,PhysInt,Prot,4,#1f77b4,4,#ff7f0e,,0
112,CoE1993TortureP2,CoE,CM,1993,Civil,PhysInt,Prot,4,#1f77b4,4,#ff7f0e,,0
113,CoE1994HRConvP11,CoE,CM,1994,Institution,,Prot,,#9467bd,4,#ff7f0e,,0
114,CoE1994ProtSocSec,CoE,CM,1994,EcoSoc,SocSec,Prot,5,#ff7f0e,4,#ff7f0e,,0
115,CoE1995APESC,CoE,CM,1995,EcoSoc,,Prot,5,#ff7f0e,4,#ff7f0e,,0
116,CoE1995NatMin,CoE,CM,1995,Community,Minority,Conv,7,#8c564b,4,#ff7f0e,,0
117,CoE1996ESCrev,CoE,CM,1996,EcoSoc,,Conv,5,#ff7f0e,4,#ff7f0e,,0
118,CoE1996ExcChild,CoE,CM,1996,Discrimination,Children,Conv,6,#d62728,4,#ff7f0e,,0
119,CoE1996ParticECHR,CoE,CM,1996,Institution,,Agre,,#9467bd,4,#ff7f0e,,0
120,CoE1996RecParticipWomMenDecis,EU,CoEU,1996,Political,Women,Rec,3,#e377c2,4,#e7ee6c,,0
121,CoE1997APTransSent,CoE,CM,1997,Civil,,Prot,4,#1f77b4,4,#ff7f0e,,0
122,CoE1997BioMed,CoE,CM,1997,Civil,Bio,Conv,4,#1f77b4,4,#ff7f0e,,0
123,CoE1997NationalConv,CoE,CM,1997,Community,Minority,Conv,7,#8c564b,4,#ff7f0e,,0
124,CoE1998APBioMed,CoE,CM,1998,Civil,Bio,Prot,4,#1f77b4,4,#ff7f0e,,0
125,CoE2000HRConvP12,CoE,CM,2000,Discrimination,,Prot,6,#d62728,4,#ff7f0e,,0
126,CoE2001CoMRec200114,CoE,CM,2001,NonHR,NonHR-Environment,Rec,,#c7c7c7,4,#ff7f0e,,0
127,CoE2001Cyber,CoE,CM,2001,NonHR,NonHR-Crime,Conv,,#c7c7c7,4,#ff7f0e,,0
128,CoE2002APBioMed,CoE,CM,2002,Civil,Bio,Prot,4,#1f77b4,4,#ff7f0e,,0
129,CoE2002HRConvP13,CoE,CM,2002,Civil,PhysInt,Prot,4,#1f77b4,4,#ff7f0e,,0
130,CoE2003APCyberRace,CoE,CM,2003,Discrimination,,Prot,6,#d62728,4,#ff7f0e,,0
131,CoE2003Rec8,CoE,CM,2003,EcoSoc,Edu,Rec,5,#ff7f0e,4,#ff7f0e,,0
132,CoE2004HRConvP14,CoE,CM,2004,Institution,,Prot,,#9467bd,4,#ff7f0e,,0
133,CoE2005APBioMedRes,CoE,CM,2005,Civil,Bio,Prot,4,#1f77b4,4,#ff7f0e,,0
134,CoE2005Tarff,CoE,CM,2005,Civil,Traffick,Conv,4,#1f77b4,4,#ff7f0e,,0
135,CoE2006Rec8,CoE,CM,2006,Civil,Crime,Rec,4,#1f77b4,4,#ff7f0e,,0
136,CoE2007Child,CoE,CM,2007,Discrimination,Children,Conv,6,#d62728,4,#ff7f0e,,0
137,CoE2007ECRIGenPolRec11,CoE,ECRI,2007,Discrimination,Race,GenRec,6,#d62728,4,#ff7f0e,,3
138,CoE2008APBioMedGen,CoE,CM,2008,Civil,Bio,Prot,4,#1f77b4,4,#ff7f0e,,0
139,CoE2008ChildRev,CoE,CM,2008,Discrimination,Children,Conv,6,#d62728,4,#ff7f0e,,0
140,CoE2008Rec10,CoE,CM,2008,Political,Migrate,Rec,3,#e377c2,4,#ff7f0e,,0
141,CoE2008Res23,CoE,CM,2008,Discrimination,Children,Res,6,#d62728,4,#ff7f0e,,0
142,CoE2009HRConvP14bis,CoE,CM,2009,Institution,,Prot,,#9467bd,4,#ff7f0e,,0
143,CoE2010APExtra3,CoE,CM,2010,Civil,JustSys,Prot,4,#1f77b4,4,#ff7f0e,,0
144,CoE2011VAW,CoE,CM,2011,Discrimination,Women,Conv,6,#d62728,4,#ff7f0e,,0
145,CoE2012APExtra4,CoE,CM,2012,Civil,JustSys,Prot,4,#1f77b4,4,#ff7f0e,,0
146,CoE2013HRConvP15,CoE,CM,2013,Institution,,Prot,,#9467bd,4,#ff7f0e,,0
147,CoE2013HRConvP16,CoE,CM,2013,Institution,,Prot,,#9467bd,4,#ff7f0e,,0
148,CoE2013Rec2011,CoE,PA,2013,Civil,Migrate,Rec,4,#1f77b4,4,#ff7f0e,,0
149,CoE2013Res1922,CoE,PA,2013,NonHR,Crime,Res,,#c7c7c7,4,#ff7f0e,,0
150,CoE2015Rec3,CoE,CM,2015,EcoSoc,Children,Rec,5,#ff7f0e,4,#ff7f0e,,0
151,CoE2015TraffOrg,CoE,CM,2015,Civil,Traffick,Conv,4,#1f77b4,4,#ff7f0e,,0
152,CoE2016Rec3,CoE,CM,2016,EcoSoc,Biz,Rec,5,#ff7f0e,4,#ff7f0e,,0
153,CoE2017ProtAPTransSent,CoE,CM,2017,Civil,,Prot,4,#1f77b4,4,#ff7f0e,,0
154,CoE2020Rec2171,CoE,PA,2020,NonHR,Crime,Rec,,#c7c7c7,4,#ff7f0e,,0
155,CoE2022Rec20,CoE,CM,2022,Community,Enviro,Rec,7,#8c564b,4,#ff7f0e,,0
156,CoE2022Rec21,CoE,CM,2022,Civil,Traffick,Rec,4,#1f77b4,4,#ff7f0e,,0
157,CoERec20025,CoE,CM,2002,Discrimination,Women,Rec,6,#d62728,4,#ff7f0e,,0
158,CoERec200717,CoE,CM,2007,Discrimination,Women,Rec,6,#d62728,4,#ff7f0e,,0
159,CoERec201010,CoE,CM,2010,Discrimination,Women,Rec,6,#d62728,4,#ff7f0e,,0
160,CoP1956Slavery,CP,,1956,Civil,PhysInt,Conv,4,#1f77b4,7,#8c564b,,0
161,CoP1983Racism,WC,,1983,Discrimination,Race,Decl,6,#d62728,7,#8c564b,,0
162,CoP2001Racism,WC,,2001,Discrimination,Race,Decl,6,#d62728,7,#8c564b,,0
163,EU2000CharterFundRig,EU,,2000,General,,Charter,,#2ca02c,4,#e7ee6c,,0
164,EU2001StandVictCrime,EU,CEU,2001,Civil,JustSys,Decl,4,#1f77b4,4,#e7ee6c,,0
165,EU2002CombTraffick,EU,CEU,2002,Civil,Traffick,Decl,4,#1f77b4,4,#e7ee6c,,0
166,EU2004CombSexChild,EU,CEU,2004,Discrimination,Children,Decl,6,#d62728,4,#e7ee6c,,0
167,EcoSoc155CVII,UN,EcoSoc,1948,Civil,,Res,4,#1f77b4,,#1f77b4,#b7ed57,0
168,EcoSoc1959731FXXVIII,UN,EcoSoc,1959,NonHR,,Res,,#c7c7c7,,#1f77b4,#b7ed57,0
169,EcoSoc1961830DXXXII,UN,EcoSoc,1961,NonHR,,Res,,#c7c7c7,,#1f77b4,#b7ed57,0
170,EcoSoc19651086BXXXIX,UN,EcoSoc,1965,NonHR,,Res,,#c7c7c7,,#1f77b4,#b7ed57,0
171,EcoSoc197416LVI,UN,EcoSoc,1974,Civil,PhysInt,Res,4,#1f77b4,,#1f77b4,#b7ed57,0
172,EcoSoc197417LVI,UN,EcoSoc,1974,Institution,,Res,,#9467bd,,#1f77b4,#b7ed57,0
173,EcoSoc197818,UN,EcoSoc,1978,Discrimination,Children,Res,6,#d62728,,#1f77b4,#b7ed57,0
174,EcoSoc197840,UN,EcoSoc,1978,Discrimination,Children,Res,6,#d62728,,#1f77b4,#b7ed57,0
175,EcoSoc1980127,UN,EcoSoc,1980,NonHR,,Res,,#c7c7c7,,#1f77b4,#b7ed57,0
176,EcoSoc198067,UN,EcoSoc,1980,NonHR,NonHR-Institutions,Res,,#c7c7c7,,#1f77b4,#b7ed57,0
177,EcoSoc198414,UN,EcoSoc,1984,NonHR,,Res,,#c7c7c7,,#1f77b4,#b7ed57,0
178,EcoSoc1984153,UN,EcoSoc,1984,NonHR,,Res,,#c7c7c7,,#1f77b4,#b7ed57,0
179,EcoSoc198447,UN,EcoSoc,1984,NonHR,,Res,,#c7c7c7,,#1f77b4,#b7ed57,0
180,EcoSoc1984SafegDeath,UN,EcoSoc,1984,Civil,PhysInt,Res,4,#1f77b4,,#1f77b4,#b7ed57,0
181,EcoSoc198610,UN,EcoSoc,1986,NonHR,,Res,,#c7c7c7,,#1f77b4,#b7ed57,0
182,EcoSoc198611,UN,EcoSoc,1986,NonHR,,Res,,#c7c7c7,,#1f77b4,#b7ed57,0
183,EcoSoc198718,UN,EcoSoc,1987,Institution,,Res,,#9467bd,,#1f77b4,#b7ed57,0
184,EcoSoc19872,UN,EcoSoc,1987,NonHR,,Res,,#c7c7c7,,#1f77b4,#b7ed57,0
185,EcoSoc198749,UN,EcoSoc,1987,NonHR,,Res,,#c7c7c7,,#1f77b4,#b7ed57,0
186,EcoSoc198753,UN,EcoSoc,1987,NonHR,,Res,,#c7c7c7,,#1f77b4,#b7ed57,0
187,EcoSoc198827,UN,EcoSoc,1988,Discrimination,Women,Res,6,#d62728,,#1f77b4,#b7ed57,0
188,EcoSoc198844,UN,EcoSoc,1988,NonHR,,Res,,#c7c7c7,,#1f77b4,#b7ed57,0
189,EcoSoc19886,UN,EcoSoc,1988,NonHR,,Res,,#c7c7c7,,#1f77b4,#b7ed57,0
190,EcoSoc198950,UN,EcoSoc,1989,NonHR,,Res,,#c7c7c7,,#1f77b4,#b7ed57,0
191,EcoSoc198957,UN,EcoSoc,1989,Civil,,Res,4,#1f77b4,,#1f77b4,#b7ed57,0
192,EcoSoc198964,UN,EcoSoc,1989,Civil,,Res,4,#1f77b4,,#1f77b4,#b7ed57,0
193,EcoSoc198968,UN,EcoSoc,1989,NonHR,,Res,,#c7c7c7,,#1f77b4,#b7ed57,0
194,EcoSoc198969,UN,EcoSoc,1989,NonHR,,Res,,#c7c7c7,,#1f77b4,#b7ed57,0
195,EcoSoc1989PrevInvest,UN,EcoSoc,1989,Civil,,Res,4,#1f77b4,,#1f77b4,#b7ed57,0
196,EcoSoc199015,UN,EcoSoc,1990,Discrimination,Women,Res,6,#d62728,,#1f77b4,#b7ed57,0
197,EcoSoc199027,UN,EcoSoc,1990,NonHR,,Res,,#c7c7c7,,#1f77b4,#b7ed57,0
198,EcoSoc199041,UN,EcoSoc,1990,Community,Enviro,Res,7,#8c564b,,#1f77b4,#b7ed57,0
199,EcoSoc199118,UN,EcoSoc,1991,Discrimination,Women,Res,6,#d62728,,#1f77b4,#b7ed57,0
200,EcoSoc199322,UN,EcoSoc,1993,NonHR,,Res,,#c7c7c7,,#1f77b4,#b7ed57,0
201,EcoSoc1993258,UN,EcoSoc,1993,Discrimination,,Res,6,#d62728,,#1f77b4,#b7ed57,0
202,EcoSoc199332,UN,EcoSoc,1993,Civil,,Res,4,#1f77b4,,#1f77b4,#b7ed57,0
203,EcoSoc199334,UN,EcoSoc,1993,NonHR,,Res,,#c7c7c7,,#1f77b4,#b7ed57,0
204,EcoSoc199418,UN,EcoSoc,1994,NonHR,,Res,,#c7c7c7,,#1f77b4,#b7ed57,0
205,EcoSoc199419,UN,EcoSoc,1994,NonHR,,Res,,#c7c7c7,,#1f77b4,#b7ed57,0
206,EcoSoc19951,UN,EcoSoc,1995,NonHR,,Res,,#c7c7c7,,#1f77b4,#b7ed57,0
207,EcoSoc199513,UN,EcoSoc,1995,NonHR,,Res,,#c7c7c7,,#1f77b4,#b7ed57,0
208,EcoSoc199613,UN,EcoSoc,1996,NonHR,,Res,,#c7c7c7,,#1f77b4,#b7ed57,0
209,EcoSoc199616,UN,EcoSoc,1996,Civil,,Res,4,#1f77b4,,#1f77b4,#b7ed57,0
210,EcoSoc199631,UN,EcoSoc,1996,NonHR,,Res,,#c7c7c7,,#1f77b4,#b7ed57,0
211,EcoSoc199730,UN,EcoSoc,1997,Discrimination,Children,Res,6,#d62728,,#1f77b4,#b7ed57,0
212,EcoSoc199733,UN,EcoSoc,1997,NonHR,,Res,,#c7c7c7,,#1f77b4,#b7ed57,0
213,EcoSoc199736,UN,EcoSoc,1997,NonHR,,Res,,#c7c7c7,,#1f77b4,#b7ed57,0
214,EcoSoc1997ChildCrime,UN,EcoSoc,1997,Discrimination,Children,Guide,6,#d62728,,#1f77b4,#b7ed57,0
215,EcoSoc199821,UN,EcoSoc,1998,Civil,,Res,4,#1f77b4,,#1f77b4,#b7ed57,0
216,EcoSoc199823,UN,EcoSoc,1998,NonHR,,Res,,#c7c7c7,,#1f77b4,#b7ed57,0
217,EcoSoc199833,UN,EcoSoc,1998,NonHR,,Res,,#c7c7c7,,#1f77b4,#b7ed57,0
218,EcoSoc19991,UN,EcoSoc,1999,NonHR,,Res,,#c7c7c7,,#1f77b4,#b7ed57,0
219,EcoSoc199926,UN,EcoSoc,1999,Civil,,Res,4,#1f77b4,,#1f77b4,#b7ed57,0
220,EcoSoc199927,UN,EcoSoc,1999,NonHR,,Res,,#c7c7c7,,#1f77b4,#b7ed57,0
221,EcoSoc199928,UN,EcoSoc,1999,Civil,,Res,4,#1f77b4,,#1f77b4,#b7ed57,0
222,EcoSoc200014,UN,EcoSoc,2000,Civil,,Res,4,#1f77b4,,#1f77b4,#b7ed57,0
223,EcoSoc20002,UN,EcoSoc,2000,Discrimination,Children,Res,6,#d62728,,#1f77b4,#b7ed57,0
224,EcoSoc200121,UN,EcoSoc,2001,Institution,,Res,,#9467bd,,#1f77b4,#b7ed57,0
225,EcoSoc20021,UN,EcoSoc,2002,NonHR,,Res,,#c7c7c7,,#1f77b4,#b7ed57,0
226,EcoSoc200213,UN,EcoSoc,2002,NonHR,,Res,,#c7c7c7,,#1f77b4,#b7ed57,0
227,EcoSoc200215,UN,EcoSoc,2002,NonHR,,Res,,#c7c7c7,,#1f77b4,#b7ed57,0
228,EcoSoc200217,UN,EcoSoc,2002,NonHR,,Res,,#c7c7c7,,#1f77b4,#b7ed57,0
229,EcoSoc20033,UN,EcoSoc,2003,NonHR,,Res,,#c7c7c7,,#1f77b4,#b7ed57,0
230,EcoSoc200330,UN,EcoSoc,2003,Civil,,Res,4,#1f77b4,,#1f77b4,#b7ed57,0
231,EcoSoc200425,UN,EcoSoc,2004,NonHR,,Res,,#c7c7c7,,#1f77b4,#b7ed57,0
232,EcoSoc200427,UN,EcoSoc,2004,Civil,,Res,4,#1f77b4,,#1f77b4,#b7ed57,0
233,EcoSoc200428,UN,EcoSoc,2004,Civil,,Res,4,#1f77b4,,#1f77b4,#b7ed57,0
234,EcoSoc200432,UN,EcoSoc,2004,Civil,,Res,4,#1f77b4,,#1f77b4,#b7ed57,0
235,EcoSoc200514,UN,EcoSoc,2005,NonHR,,Res,,#c7c7c7,,#1f77b4,#b7ed57,0
236,EcoSoc200515,UN,EcoSoc,2005,Civil,,Res,4,#1f77b4,,#1f77b4,#b7ed57,0
237,EcoSoc200516,UN,EcoSoc,2005,NonHR,,Res,,#c7c7c7,,#1f77b4,#b7ed57,0
238,EcoSoc200517,UN,EcoSoc,2005,NonHR,,Res,,#c7c7c7,,#1f77b4,#b7ed57,0
239,EcoSoc200518,UN,EcoSoc,2005,NonHR,,Res,,#c7c7c7,,#1f77b4,#b7ed57,0
240,EcoSoc200519,UN,EcoSoc,2005,NonHR,,Res,,#c7c7c7,,#1f77b4,#b7ed57,0
241,EcoSoc200520,UN,EcoSoc,2005,Civil,,Res,4,#1f77b4,,#1f77b4,#b7ed57,0
242,EcoSoc200521,UN,EcoSoc,2005,NonHR,,Res,,#c7c7c7,,#1f77b4,#b7ed57,0
243,EcoSoc200620,UN,EcoSoc,2006,NonHR,,Res,,#c7c7c7,,#1f77b4,#b7ed57,0
244,EcoSoc200621,UN,EcoSoc,2006,NonHR,,Res,,#c7c7c7,,#1f77b4,#b7ed57,0
245,EcoSoc200622,UN,EcoSoc,2006,NonHR,,Res,,#c7c7c7,,#1f77b4,#b7ed57,0
246,EcoSoc200623,UN,EcoSoc,2006,NonHR,,Res,,#c7c7c7,,#1f77b4,#b7ed57,0
247,EcoSoc200626,UN,EcoSoc,2006,Civil,,Res,4,#1f77b4,,#1f77b4,#b7ed57,0
248,EcoSoc200627,UN,EcoSoc,2006,Civil,Traffick,Res,4,#1f77b4,,#1f77b4,#b7ed57,0
249,EcoSoc200712,UN,EcoSoc,2007,NonHR,,Res,,#c7c7c7,,#1f77b4,#b7ed57,0
250,EcoSoc200719,UN,EcoSoc,2007,NonHR,,Res,,#c7c7c7,,#1f77b4,#b7ed57,0
251,EcoSoc200720,UN,EcoSoc,2007,NonHR,,Res,,#c7c7c7,,#1f77b4,#b7ed57,0
252,EcoSoc200721,UN,EcoSoc,2007,Civil,,Res,4,#1f77b4,,#1f77b4,#b7ed57,0
253,EcoSoc200722,UN,EcoSoc,2007,Civil,,Res,4,#1f77b4,,#1f77b4,#b7ed57,0
254,EcoSoc200723,UN,EcoSoc,2007,Civil,,Res,4,#1f77b4,,#1f77b4,#b7ed57,0
255,EcoSoc200724,UN,EcoSoc,2007,Civil,,Res,4,#1f77b4,,#1f77b4,#b7ed57,0
256,EcoSoc2007253,UN,EcoSoc,2007,NonHR,,Res,,#c7c7c7,,#1f77b4,#b7ed57,0
257,EcoSoc200823,UN,EcoSoc,2008,NonHR,,Res,,#c7c7c7,,#1f77b4,#b7ed57,0
258,EcoSoc200824,UN,EcoSoc,2008,NonHR,,Res,,#c7c7c7,,#1f77b4,#b7ed57,0
259,EcoSoc2008245,UN,EcoSoc,2008,Civil,,Res,4,#1f77b4,,#1f77b4,#b7ed57,0
260,EcoSoc200825,UN,EcoSoc,2008,NonHR,,Res,,#c7c7c7,,#1f77b4,#b7ed57,0
261,EcoSoc200833,UN,EcoSoc,2008,Civil,Traffick,Res,4,#1f77b4,,#1f77b4,#b7ed57,0
262,EcoSoc200926,UN,EcoSoc,2009,Civil,,Res,4,#1f77b4,,#1f77b4,#b7ed57,0
263,Geneva1924RightsChild,LN,AS,1924,Discrimination,Children,Decl,6,#d62728,,#100b65,,0
264,Geneva1949IIIpow,CP,,1949,IHL,WarRights,Conv,8,#7f7f7f,7,#8c564b,,0
265,Geneva1949IIwoundSea,CP,,1949,IHL,WarRights,Conv,8,#7f7f7f,7,#8c564b,,0
266,Geneva1949IVcivil,CP,,1949,IHL,WarRights,Conv,8,#7f7f7f,7,#8c564b,,0
267,Geneva1949IwoundField,CP,,1949,IHL,WarRights,Conv,8,#7f7f7f,7,#8c564b,,0
268,Geneva1977P1,CP,,1977,IHL,WarRights,Prot,8,#7f7f7f,7,#8c564b,,0
269,Geneva1977P2,CP,,1977,IHL,WarRights,Prot,8,#7f7f7f,7,#8c564b,,0
270,HCCH1973Conv23,HCCH,COP,1973,NonHR,,Conv,,#c7c7c7,4,#f8c1cb,,0
271,HCCH1973Conv24,HCCH,COP,1973,NonHR,,Conv,,#c7c7c7,4,#f8c1cb,,0
272,HCCH1980ChildAbduc,HCCH,COP,1980,Discrimination,Children,Conv,6,#d62728,4,#f8c1cb,,0
273,HCCH1993ProtChildInterC,HCCH,COP,1993,Discrimination,Children,Conv,6,#d62728,4,#f8c1cb,,0
274,HCCH1996ParentRespChildProt,HCCH,COP,1996,Discrimination,Children,Conv,6,#d62728,4,#f8c1cb,,0
275,ILA1984ParisMinStandHRinEmerg,ILA,,1984,General,,,,#2ca02c,,,,0
276,ILO1919Const,ILO,COP,1919,Institution,,Const,,#9467bd,7,#d62728,,0
277,ILO1919HoursWorkConv,ILO,ILC,1919,EcoSoc,Labor,Conv,5,#ff7f0e,7,#d62728,,0
278,ILO1919MinAgeInd,ILO,ILC,1919,EcoSoc,Labor,Conv,5,#ff7f0e,7,#d62728,,0
279,ILO1919UnemployConv,ILO,ILC,1919,EcoSoc,Labor,Conv,5,#ff7f0e,7,#d62728,,0
280,ILO1920MinAgeSea,ILO,ILC,1920,EcoSoc,Labor,Conv,5,#ff7f0e,7,#d62728,,0
281,ILO1921MinAgeAgric,ILO,ILC,1921,EcoSoc,Labor,Conv,5,#ff7f0e,7,#d62728,,0
282,ILO1921TrimStok,ILO,ILC,1921,EcoSoc,Labor,Conv,5,#ff7f0e,7,#d62728,,0
283,ILO1921WeeklyRestConv,ILO,ILC,1921,EcoSoc,Labor,Conv,5,#ff7f0e,7,#d62728,,0
284,ILO1925EqualTreatConv,ILO,ILC,1925,EcoSoc,Labor,Conv,5,#ff7f0e,7,#d62728,,0
285,ILO1928MinWagFixConv,ILO,ILC,1928,EcoSoc,Labor,Conv,5,#ff7f0e,7,#d62728,,0
286,ILO1930ForcLabConv,ILO,ILC,1930,EcoSoc,Labor,Conv,5,#ff7f0e,7,#d62728,,0
287,ILO1930HoursofW,ILO,ILC,1930,EcoSoc,Labor,Conv,5,#ff7f0e,7,#d62728,,0
288,ILO1932MinAgeNonIndEmpl,ILO,ILC,1932,EcoSoc,Labor,Conv,5,#ff7f0e,7,#d62728,,0
289,ILO1933FeeChargEmploy,ILO,ILC,1933,EcoSoc,Labor,Conv,5,#ff7f0e,7,#d62728,,0
290,ILO1933InvalidInsAgr,ILO,ILC,1933,EcoSoc,SocSec,Conv,5,#ff7f0e,7,#d62728,,0
291,ILO1933InvalidInsInd,ILO,ILC,1933,EcoSoc,SocSec,Conv,5,#ff7f0e,7,#d62728,,0
292,ILO1933OldAgeAgr,ILO,ILC,1933,EcoSoc,Labor,Conv,5,#ff7f0e,7,#d62728,,0
293,ILO1933OldAgeInd,ILO,ILC,1933,EcoSoc,Labor,Conv,5,#ff7f0e,7,#d62728,,0
294,ILO1933SurvInsAgr,ILO,ILC,1933,EcoSoc,SocSec,Conv,5,#ff7f0e,7,#d62728,,0
295,ILO1933SurvInsInd,ILO,ILC,1933,EcoSoc,SocSec,Conv,5,#ff7f0e,7,#d62728,,0
296,ILO1934UnemplProvConv,ILO,ILC,1934,EcoSoc,SocSec,Conv,5,#ff7f0e,7,#d62728,,0
297,ILO1934UnemplProvRec,ILO,ILC,1934,EcoSoc,SocSec,Rec,5,#ff7f0e,7,#d62728,,0
298,ILO1935FourtyHWeek,ILO,ILC,1935,EcoSoc,Labor,Conv,5,#ff7f0e,7,#d62728,,0
299,ILO1935MigPension,ILO,ILC,1935,Political,Migrate,Conv,3,#e377c2,7,#d62728,,0
300,ILO1935UndergroundWomen,ILO,ILC,1935,EcoSoc,Labor,Conv,5,#ff7f0e,7,#d62728,,0
301,ILO1935UnemplYoungRec,ILO,ILC,1935,EcoSoc,SocSec,Rec,5,#ff7f0e,7,#d62728,,0
302,ILO1936MinAgeSea,ILO,ILC,1936,EcoSoc,Labor,Conv,5,#ff7f0e,7,#d62728,,0
303,ILO1937MinAgeIndrev,ILO,ILC,1937,EcoSoc,Labor,Conv,5,#ff7f0e,7,#d62728,,0
304,ILO1937MinAgeNonIndrev,ILO,ILC,1937,EcoSoc,Labor,Conv,5,#ff7f0e,7,#d62728,,0
305,ILO1939MigEmploy,ILO,GC,1939,Political,Migrate,Conv,3,#e377c2,7,#d62728,,0
306,ILO1939MigEmployCoopRec,ILO,GC,1939,Political,Migrate,Rec,3,#e377c2,7,#d62728,,0
307,ILO1939MigEmpolyRec,ILO,GC,1939,Political,Migrate,Rec,3,#e377c2,7,#d62728,,0
308,ILO1941ResAtlanticC,ILO,SC,1941,NonHR,NonHR-Institutions,Res,,#c7c7c7,7,#d62728,,0
309,ILO1944DecPhil,ILO,GC,1944,General,,Decl,,#2ca02c,7,#d62728,,0
310,ILO1944EmployServiceRec,ILO,ILC,1944,EcoSoc,SocSec,Rec,5,#ff7f0e,7,#d62728,,0
311,ILO1944IncomeSecRec,ILO,ILC,1944,EcoSoc,SocSec,Rec,5,#ff7f0e,7,#d62728,,0
312,ILO1946NightWorkYouPersConv,ILO,ILC,1946,EcoSoc,Children,Conv,5,#ff7f0e,7,#d62728,,0
313,ILO1947LabourInspectConv,ILO,ILC,1947,EcoSoc,Labor,Conv,5,#ff7f0e,7,#d62728,,0
314,ILO1948EmployService,ILO,ILC,1948,EcoSoc,SocSec,Conv,5,#ff7f0e,7,#d62728,,0
315,ILO1948FreedomConv,ILO,ILC,1948,EcoSoc,Labor,Conv,5,#ff7f0e,7,#d62728,,0
316,ILO1948NightWorkYouPersConvRev,ILO,ILC,1948,EcoSoc,Children,Conv,5,#ff7f0e,7,#d62728,,0
317,ILO1948RecEmployService,ILO,ILC,1948,EcoSoc,SocSec,Rec,5,#ff7f0e,7,#d62728,,0
318,ILO1949FeeChargEmploy,ILO,ILC,1949,EcoSoc,Labor,Conv,5,#ff7f0e,7,#d62728,,0
319,ILO1949LaboClausConv,ILO,ILC,1949,EcoSoc,Civil,Conv,5,#ff7f0e,7,#d62728,,0
320,ILO1949LaboClausRec,ILO,ILC,1949,EcoSoc,Civil,Rec,5,#ff7f0e,7,#d62728,,0
321,ILO1949MigEmploy,ILO,ILC,1949,Political,Migrate,Conv,3,#e377c2,7,#d62728,,0
322,ILO1949MigEmployRec,ILO,ILC,1949,Political,Migrate,Rec,3,#e377c2,7,#d62728,,0
323,ILO1949Organise,ILO,ILC,1949,EcoSoc,Labor,Conv,5,#ff7f0e,7,#d62728,,0
324,ILO1949ProtectWages,ILO,ILC,1949,EcoSoc,Labor,Conv,5,#ff7f0e,7,#d62728,,0
325,ILO1949VocatGuideRec,ILO,ILC,1949,EcoSoc,Edu,Rec,5,#ff7f0e,7,#d62728,,0
326,ILO1951EqualRenumConv,ILO,ILC,1951,EcoSoc,Labor,Conv,5,#ff7f0e,7,#d62728,,0
327,ILO1951MinWagFixMach,ILO,ILC,1951,EcoSoc,Labor,Conv,5,#ff7f0e,7,#d62728,,0
328,ILO1952MatProtConv,ILO,ILC,1952,EcoSoc,SocSec,Conv,5,#ff7f0e,7,#d62728,,0
329,ILO1952MatProtRec,ILO,ILC,1952,EcoSoc,SocSec,Rec,5,#ff7f0e,7,#d62728,,0
330,ILO1952SocSecConv,ILO,ILC,1952,EcoSoc,SocSec,Conv,5,#ff7f0e,7,#d62728,,0
331,ILO1953WorkHealthRec,ILO,ILC,1953,EcoSoc,Labor,Rec,5,#ff7f0e,7,#d62728,,0
332,ILO1955ProtMigWorkRec,ILO,ILC,1955,EcoSoc,Labor,Rec,5,#ff7f0e,7,#d62728,,0
333,ILO1955Res99VocRehab,ILO,ILC,1955,EcoSoc,,Rec,5,#ff7f0e,7,#d62728,,0
334,ILO1957AboForcLabConv,ILO,ILC,1957,EcoSoc,Labor,Conv,5,#ff7f0e,7,#d62728,,0
335,ILO1957TribalPop,ILO,ILC,1957,Community,Indig,Conv,7,#8c564b,7,#d62728,,0
336,ILO1957WeeklyRest,ILO,ILC,1957,EcoSoc,Labor,Conv,5,#ff7f0e,7,#d62728,,0
337,ILO1958DicrimEmployOccRec,ILO,ILC,1958,Discrimination,,Rec,6,#d62728,7,#d62728,,0
338,ILO1958DiscrimConv,ILO,ILC,1958,Discrimination,Discrimination,Conv,6,#d62728,7,#d62728,,0
339,ILO1958PlantConv,ILO,ILC,1958,EcoSoc,Labor,Conv,5,#ff7f0e,7,#d62728,,0
340,ILO1959MinAgeFish,ILO,ILC,1959,EcoSoc,Labor,Conv,5,#ff7f0e,7,#d62728,,0
341,ILO1959OccpHealSRec,ILO,ILC,1959,EcoSoc,SocSec,Rec,5,#ff7f0e,7,#d62728,,0
342,ILO1961WorkHouseRec,ILO,ILC,1961,EcoSoc,Labor,Rec,5,#ff7f0e,7,#d62728,,0
343,ILO1962EqualTreat,ILO,ILC,1962,Political,Migrate,Conv,3,#e377c2,7,#d62728,,0
344,ILO1962SocialPolicy,ILO,ILC,1962,EcoSoc,Labor,Conv,5,#ff7f0e,7,#d62728,,0
345,ILO1962VocatTrainRec,ILO,ILC,1962,EcoSoc,Edu,Rec,5,#ff7f0e,7,#d62728,,0
346,ILO1964EmployInjuBen,ILO,ILC,1964,EcoSoc,Labor,Conv,5,#ff7f0e,7,#d62728,,0
347,ILO1964EmployPolConv,ILO,ILC,1964,EcoSoc,Labor,Conv,5,#ff7f0e,7,#d62728,,0
348,ILO1964EmployPolRec,ILO,ILC,1964,EcoSoc,Labor,Rec,5,#ff7f0e,7,#d62728,,0
349,ILO1965EmplWomenFam,ILO,ILC,1965,EcoSoc,Labor,Rec,5,#ff7f0e,7,#d62728,,0
350,ILO1965MinAgeUnderg,ILO,ILC,1965,EcoSoc,Labor,Conv,5,#ff7f0e,7,#d62728,,0
351,ILO1967ConvInvalidOld,ILO,ILC,1967,EcoSoc,SocSec,Conv,5,#ff7f0e,7,#d62728,,0
352,ILO1967ExamGrievRec,ILO,ILC,1967,EcoSoc,Labor,Rec,5,#ff7f0e,7,#d62728,,0
353,ILO1967Invalid,ILO,ILC,1967,EcoSoc,SocSec,Rec,5,#ff7f0e,7,#d62728,,0
354,ILO1969LabourInspectAgri,ILO,ILC,1969,EcoSoc,Labor,Conv,5,#ff7f0e,7,#d62728,,0
355,ILO1970HolidWithPay,ILO,ILC,1970,EcoSoc,Labor,Conv,5,#ff7f0e,7,#d62728,,0
356,ILO1970MinWagFixRec,ILO,ILC,1970,EcoSoc,Labor,Rec,5,#ff7f0e,7,#d62728,,0
357,ILO1970MinWageFixConv,ILO,ILC,1970,EcoSoc,Labor,Conv,5,#ff7f0e,7,#d62728,,0
358,ILO1971WorkRightConv,ILO,ILC,1971,EcoSoc,Labor,Conv,5,#ff7f0e,7,#d62728,,0
359,ILO1973MinAgeConv,ILO,ILC,1973,EcoSoc,Labor,Conv,5,#ff7f0e,7,#d62728,,0
360,ILO1974DecTriWorldConf,ILO,ILC,1976,EcoSoc,Labor,Decl,5,#ff7f0e,7,#d62728,,0
361,ILO1975DecEqualOppWomen,ILO,ILC,1975,EcoSoc,Labor,Decl,5,#ff7f0e,7,#d62728,,0
362,ILO1975HumanResDevConv,ILO,ILC,1975,EcoSoc,Edu,Conv,5,#ff7f0e,7,#d62728,,0
363,ILO1975HumanResDevRec,ILO,ILC,1975,EcoSoc,Edu,Rec,5,#ff7f0e,7,#d62728,,0
364,ILO1975MigWorkerRec,ILO,ILC,1975,Political,Migrate,Rec,3,#e377c2,7,#d62728,,0
365,ILO1975MigWorkersSupp,ILO,ILC,1975,Political,Migrate,Conv,3,#e377c2,7,#d62728,,0
366,ILO1975ResPromEqualWoWork,ILO,ILC,1975,EcoSoc,Labor,Res,5,#ff7f0e,7,#d62728,,0
367,ILO1975RuralWorkOrg,ILO,ILC,1975,EcoSoc,Labor,Conv,5,#ff7f0e,7,#d62728,,0
368,ILO1978LabAdminConv,ILO,ILC,1978,EcoSoc,Labor,Conv,5,#ff7f0e,7,#d62728,,0
369,ILO1979HoursofWandRestPeri,ILO,ILC,1979,EcoSoc,Labor,Conv,5,#ff7f0e,7,#d62728,,0
370,ILO1979ResFollowup,ILO,ILC,1979,EcoSoc,Labor,Res,5,#ff7f0e,7,#d62728,,0
371,ILO1980OldWork,ILO,ILC,1980,Discrimination,Elderly,Rec,6,#d62728,7,#d62728,,0
372,ILO1981OccpSafConv,ILO,ILC,1981,EcoSoc,Labor,Conv,5,#ff7f0e,7,#d62728,,0
373,ILO1981WokFamRespConv,ILO,ILC,1981,EcoSoc,Labor,Conv,5,#ff7f0e,7,#d62728,,0
374,ILO1982MaintSocSec,ILO,ILC,1982,EcoSoc,SocSec,Conv,5,#ff7f0e,7,#d62728,,0
375,ILO1982TermEmployConv,ILO,ILC,1982,EcoSoc,Labor,Conv,5,#ff7f0e,7,#d62728,,0
376,ILO1983VocRehabEmplConv,ILO,ILC,1983,Discrimination,Disab,Conv,6,#d62728,7,#d62728,,0
377,ILO1984Rec169,ILO,ILC,1984,EcoSoc,Labor,Rec,5,#ff7f0e,7,#d62728,,0
378,ILO1985LaboStatsConv,ILO,ILC,1985,EcoSoc,Labor,Conv,5,#ff7f0e,7,#d62728,,0
379,ILO1985OccpHealthSConv,ILO,ILC,1985,EcoSoc,Labor,Conv,5,#ff7f0e,7,#d62728,,0
380,ILO1988EmployPromProt,ILO,ILC,1988,EcoSoc,SocSec,Conv,5,#ff7f0e,7,#d62728,,0
381,ILO1988SafeHealthConstrConv,ILO,ILC,1988,EcoSoc,Living,Conv,5,#ff7f0e,7,#d62728,,0
382,ILO1989IndigPeopConv,ILO,ILC,1989,Community,Minority,Conv,7,#8c564b,7,#d62728,,0
383,ILO1990NightWorkConv,ILO,ILC,1990,EcoSoc,Labor,Conv,5,#ff7f0e,7,#d62728,,0
384,ILO1991WorkCondConv,ILO,ILC,1991,EcoSoc,Labor,Conv,5,#ff7f0e,7,#d62728,,0
385,ILO1994PartTimeWConv,ILO,ILC,1994,EcoSoc,Labor,Conv,5,#ff7f0e,7,#d62728,,0
386,ILO1996HomeWorkConv,ILO,ILC,1996,EcoSoc,Labor,Conv,5,#ff7f0e,7,#d62728,,0
387,ILO1997PrivEmployAgen,ILO,ILC,1997,EcoSoc,Labor,Conv,5,#ff7f0e,7,#d62728,,0
388,ILO1998DecFundPrincWork,ILO,ILC,1998,EcoSoc,Labor,Decl,5,#ff7f0e,7,#d62728,,0
389,ILO1999ChildLabConv,ILO,ILC,1999,Discrimination,Children,Conv,6,#d62728,7,#d62728,,0
390,ILO1999ResCildLabConv,ILO,ILC,1999,Discrimination,Children,Rec,6,#d62728,7,#d62728,,0
391,ILO2000MatProtConv,ILO,ILC,2000,EcoSoc,SocSec,Conv,5,#ff7f0e,7,#d62728,,0
392,ILO2001SafHealthAgriConv,ILO,ILC,2001,EcoSoc,Labor,Conv,5,#ff7f0e,7,#d62728,,0
393,ILO2002ProtOccSafHealthConv,ILO,ILC,2002,EcoSoc,Labor,Conv,5,#ff7f0e,7,#d62728,,0
394,ILO2006EmployRelRec,ILO,ILC,2006,EcoSoc,Labor,Rec,5,#ff7f0e,7,#d62728,,0
395,ILO2006MaritimeLabourConv,ILO,ILC,2006,EcoSoc,Labor,Conv,5,#ff7f0e,7,#d62728,,0
396,ILO2006MultiFrameLabMig,ILO,ILC,2006,EcoSoc,Labor,Guide,5,#ff7f0e,7,#d62728,,0
397,ILO2006PromFramOccSafHeaConv,ILO,ILC,2006,EcoSoc,Labor,Conv,5,#ff7f0e,7,#d62728,,0
398,ILO2008DecSocJustGlob,ILO,ILC,2008,EcoSoc,,Decl,5,#ff7f0e,7,#d62728,,0
399,ILO2011DomWorkerConv,ILO,ILC,2011,EcoSoc,Labor,Conv,5,#ff7f0e,7,#d62728,,0
400,ILO2011DomWorkerRec,ILO,ILC,2011,EcoSoc,Labor,Rec,5,#ff7f0e,7,#d62728,,0
401,ILO2012SociaProtecFloorRec,ILO,ILC,2012,EcoSoc,Labor,Rec,5,#ff7f0e,7,#d62728,,0
402,ILO2014ForcLabSupplMeasRec,ILO,ILC,2014,EcoSoc,Labor,Rec,5,#ff7f0e,7,#d62728,,0
403,ILO2014ProtForcLabConv,ILO,ILC,2014,EcoSoc,Labor,Conv,5,#ff7f0e,7,#d62728,,0
404,ILO2015TransInfFormEcoRec,ILO,ILC,2015,EcoSoc,,Rec,5,#ff7f0e,7,#d62728,,0
405,ILO2019CntyDecl,ILO,ILC,2019,EcoSoc,EcoSoc,Decl,5,#ff7f0e,7,#d62728,,0
406,ILO2019VioHarConv,ILO,ILC,2019,EcoSoc,Labor,Conv,5,#ff7f0e,7,#d62728,,0
407,LAS2004ArabCharterHR,LAS,COP,2004,General,,Charter,,#2ca02c,,,,0
408,LAS2021AdoptStratVAW,LAS,,2021,Discrimination,Women,Strategy,6,#d62728,,,,0
409,LASArabStrategyVAW,LAS,,2015,Discrimination,Women,Strategy,6,#d62728,,,,0
410,LN1933SupprTraffWomen,LN,AS,1933,Civil,Traffick,Conv,4,#1f77b4,,#100b65,,0
411,OAS1933ConvPolAsy,OAS,OASGA,1933,Political,Refugee,Conv,3,#e377c2,8,#2e6b6a,,0
412,OAS1936InterAmConfResXX,OAS,OASGA,1936,Discrimination,Women,Res,6,#d62728,8,#2e6b6a,,0
413,OAS1948AmericanDeclHR,OAS,OASGA,1948,General,General,Decl,,#2ca02c,8,#2e6b6a,,0
414,OAS1948Charter,OAS,OASGA,1948,NonHR,NonHR-Institutions,Charter,,#c7c7c7,8,#2e6b6a,,0
415,OAS1948ConvCivilWomen,OAS,OASGA,1948,Discrimination,Women,Conv,6,#d62728,8,#2e6b6a,,0
416,OAS1948ConvPolWomen,OAS,OASGA,1948,Discrimination,Women,Conv,6,#d62728,8,#2e6b6a,,0
417,OAS1954ConvDiplAsy,OAS,OASGA,1954,Political,Refugee,Conv,3,#e377c2,8,#2e6b6a,,0
418,OAS1954ConvTerrAsy,OAS,OASGA,1954,Political,Refugee,Conv,3,#e377c2,8,#2e6b6a,,0
419,OAS1967ProtCharter,OAS,OASGA,1967,NonHR,NonHR-Institutions,Prot,,#c7c7c7,8,#2e6b6a,,0
420,OAS1969ConvHR,OAS,OASGA,1969,General,General,Conv,,#2ca02c,8,#2e6b6a,,0
421,OAS1979StatuteHRCom,OAS,OASGA,1979,Institution,Institution,Statute,,#9467bd,8,#2e6b6a,,0
422,OAS1979StatuteHRCourt,OAS,OASGA,1979,Institution,Institution,Statute,,#9467bd,8,#2e6b6a,,0
423,OAS1981ConvExtra,OAS,OASGA,1981,Civil,JustSys,Conv,4,#1f77b4,8,#2e6b6a,,0
424,OAS1984CartagenaDecRef,OAS,OASGA,1984,Political,Refugee,Decl,3,#e377c2,8,#2e6b6a,,0
425,OAS1985ConvTorture,OAS,OASGA,1985,Civil,PhysInt,Conv,4,#1f77b4,8,#2e6b6a,,0
426,OAS1985ProtCharter,OAS,OASGA,1985,NonHR,NonHR-Institutions,Charter,,#c7c7c7,8,#2e6b6a,,0
427,OAS1988APHREcoSocCul,OAS,OASGA,1988,EcoSoc,Culture,Prot,5,#ff7f0e,8,#2e6b6a,,0
428,OAS1989ConvReturnChild,OAS,OASGA,1989,Discrimination,Children,Conv,6,#d62728,8,#2e6b6a,,0
429,OAS1990CaracasDec,OAS,OASGA,1990,EcoSoc,,Decl,5,#ff7f0e,8,#2e6b6a,,0
430,OAS1990DecVaW,OAS,OASGA,1990,Discrimination,Women,Decl,6,#d62728,8,#2e6b6a,,0
431,OAS1990ProtHRDeath,OAS,OASGA,1990,Civil,,Prot,4,#1f77b4,8,#2e6b6a,,0
432,OAS1991Res1080XXIO91,OAS,OASGA,1991,Political,,Res,3,#e377c2,8,#2e6b6a,,0
433,OAS1991ResRefugee,OAS,OASGA,1991,Political,Refugee,Res,3,#e377c2,8,#2e6b6a,,0
434,OAS1992Dec1XXIIO92,OAS,OASGA,1992,Political,,Dec,3,#e377c2,8,#2e6b6a,,0
435,OAS1992ProtCharter,OAS,OASGA,1992,NonHR,NonHR-Institutions,Prot,,#c7c7c7,8,#2e6b6a,,0
436,OAS1993ProtCharter,OAS,OASGA,1993,NonHR,NonHR-Institutions,Prot,,#c7c7c7,8,#2e6b6a,,0
437,OAS1994ConvForcDisap,OAS,OASGA,1994,Civil,ForceDis,Conv,4,#1f77b4,8,#2e6b6a,,0
438,OAS1994ConvVAW,OAS,OASGA,1994,Discrimination,Women,Conv,6,#d62728,8,#2e6b6a,,0
439,OAS1994ResRefugee,OAS,OASGA,1994,Political,Refugee,Res,3,#e377c2,8,#2e6b6a,,0
440,OAS1999ConvDisab,OAS,OASGA,1999,Discrimination,Disab,Conv,6,#d62728,8,#2e6b6a,,0
441,OAS2001InterAmDem,OAS,OASGA,2001,General,General,Conv,,#2ca02c,8,#2e6b6a,,0
442,OAS2008HRSexGender,OAS,OASGA,2008,Community,Minority,Res,7,#8c564b,8,#2e6b6a,,0
443,OAS2008PrincBestPracDepriv,OAS,OASGA,2008,Civil,,Princ,4,#1f77b4,8,#2e6b6a,,0
444,OAS2009HRSexGender,OAS,OASGA,2009,Community,Minority,Res,7,#8c564b,8,#2e6b6a,,0
445,OAS2010BrasiliaDecl,OAS,OASGA,2010,Political,Refugee,Decl,3,#e377c2,8,#2e6b6a,,0
446,OAS2010ResStateless,OAS,OASGA,2010,Political,Refugee,Res,3,#e377c2,8,#2e6b6a,,0
447,OAS2011ResStateless,OAS,OASGA,2011,Political,Refugee,Res,3,#e377c2,8,#2e6b6a,,0
448,OAS2012SocialCharterAmer,OAS,OASGA,2012,EcoSoc,,Charter,5,#ff7f0e,8,#2e6b6a,,0
449,OAS2013ConvDiscrim,OAS,OASGA,2013,Discrimination,Discrimination,Conv,6,#d62728,8,#2e6b6a,,0
450,OAS2013ConvRace,OAS,OASGA,2013,Discrimination,Race,Conv,6,#d62728,8,#2e6b6a,,0
451,OAS2013ResStateless,OAS,OASGA,2013,Political,Refugee,Res,3,#e377c2,8,#2e6b6a,,0
452,OAS2014ResStateless,OAS,OASGA,2014,Political,Refugee,Res,3,#e377c2,8,#2e6b6a,,0
453,OAS2015ConvOlder,OAS,OASGA,2015,Discrimination,Elderly,Conv,6,#d62728,8,#2e6b6a,,0
454,OAS2019IACHRres0419,OAS,IACHR,2019,Political,Traffick,Res,3,#e377c2,8,#2e6b6a,,0
455,OIC1990HRDecl,OIC,COP,1990,General,General,Decl,,#2ca02c,3,#bae0e1,,0
456,OSCE1975FinalAct,OSCE,,1975,General,General,Conv,,#2ca02c,4,#2f6c34,,0
457,OSCE1990CharterParis,OSCE,,1990,General,General,Conv,,#2ca02c,4,#2f6c34,,0
458,OSCE1990CophDoc,OSCE,,1990,General,General,Decl,,#2ca02c,4,#2f6c34,,0
459,Rome1998Stat,CP,COP,1998,IHL,WarCrimes,Conv,8,#7f7f7f,7,#955b41,,0
460,UN1945Charter,UN,CP,1945,General,,Charter,,#2ca02c,,#1f77b4,#109917,0
461,UN1946Res3IExtraWarCrime,UN,UNGA,1946,IHL,WarCrimes,Res,8,#7f7f7f,,#1f77b4,#1144a3,0
462,UN1946Res95INuremberg,UN,UNGA,1946,IHL,WarCrimes,Res,8,#7f7f7f,,#1f77b4,#1144a3,0
463,UN1947Res170IIExtraWarCrime,UN,UNGA,1947,IHL,WarCrimes,Res,8,#7f7f7f,,#1f77b4,#1144a3,0
464,UN1948ConvGenocide,UN,CP,1948,IHL,Genocide,Conv,8,#7f7f7f,,#1f77b4,#1144a3,0
465,UN1948Res155CVII,UN,UNGA,1948,IHL,WarCrimes,Res,8,#7f7f7f,,#1f77b4,#1144a3,0
466,UN1948Univ,UN,UNGA,1948,General,,Res,,#2ca02c,,#1f77b4,#1144a3,0
467,UN1949ConvTraffic,UN,CP,1949,Civil,Traffick,Conv,4,#1f77b4,,#1f77b4,#1144a3,0
468,UN1949WhiteSTrafficProt,UN,CP,1949,Civil,Traffick,Prot,4,#1f77b4,,#1f77b4,#1144a3,0
469,UN1950Res309Exi,UN,EcoSoc,1950,EcoSoc,,Res,5,#ff7f0e,,#1f77b4,#b7ed57,0
470,UN1950Res415V,UN,UNGA,1950,NonHR,NonHR-Institutions,Res,,#c7c7c7,,#1f77b4,#1144a3,0
471,UN1953ConvPolitRightsWom,UN,CP,1953,Political,Women,Conv,3,#e377c2,,#1f77b4,,0
472,UN1953ProtSlaveryConv,UN,UNGA,1953,Civil,PhysInt,Prot,4,#1f77b4,,#1f77b4,#1144a3,0
473,UN1955StandMinRulesPrison,UN,UNGA,1955,Civil,,Guide,4,#1f77b4,,#1f77b4,#1144a3,0
474,UN1957ConvNationMarriedWom,UN,CP,1957,Political,Women,Conv,3,#e377c2,,#1f77b4,,0
475,UN1957Res663XXIVC,UN,UNGA,1957,Civil,,Res,4,#1f77b4,,#1f77b4,#1144a3,0
476,UN1959DeclRightChild,UN,UNGA,1959,Discrimination,Children,Decl,6,#d62728,,#1f77b4,#1144a3,0
477,UN1959Res1400XIV,UN,UNGA,1959,Political,Refugee,Res,3,#e377c2,,#1f77b4,#1144a3,0
478,UN1960DecIndep,UN,UNGA,1960,Political,,Decl,3,#e377c2,,#1f77b4,#1144a3,0
479,UN1962Marriage,UN,UNGA,1962,Civil,Marriage,Conv,4,#1f77b4,,#1f77b4,#1144a3,0
480,UN1962PermSov,UN,UNGA,1962,Political,,Res,3,#e377c2,,#1f77b4,#1144a3,0
481,UN1962Res1839XVII,UN,UNGA,1962,Institution,,Res,,#9467bd,,#1f77b4,#1144a3,0
482,UN1963DeclRaceDiscr,UN,UNGA,1963,Discrimination,Race,Decl,6,#d62728,,#1f77b4,#1144a3,0
483,UN1964Res1995XIX,UN,UNGA,1960,NonHR,,Res,,#c7c7c7,,#1f77b4,#1144a3,0
484,UN19651074XXXIX,UN,EcoSoc,1965,IHL,WarCrimes,Res,8,#7f7f7f,,#1f77b4,#b7ed57,0
485,UN1965IntConvElimRace,UN,UNGA,1965,Discrimination,Race,Conv,6,#d62728,,#1f77b4,#1144a3,0
486,UN1965RecConsMarriage,UN,UNGA,1965,Civil,Marriage,Rec,4,#1f77b4,,#1f77b4,#1144a3,0
487,UN1965RehabRes1086K,UN,EcoSoc,1965,EcoSoc,,Res,5,#ff7f0e,,#1f77b4,#b7ed57,0
488,UN1965Res2018XX,UN,UNGA,1965,Civil,Marriage,Res,4,#1f77b4,,#1f77b4,#1144a3,0
489,UN1965Res2100XX,UN,UNGA,1965,Institution,,Res,,#9467bd,,#1f77b4,#1144a3,0
490,UN1965Res2131XX,UN,UNGA,1965,NonHR,,Res,,#c7c7c7,,#1f77b4,#1144a3,0
491,UN19661158XLI,UN,UNGA,1966,IHL,WarCrimes,Res,8,#7f7f7f,,#1f77b4,#1144a3,0
492,UN1966IntConCivil,UN,UNGA,1966,Civil,Civil,Conv,4,#1f77b4,,#1f77b4,#1144a3,0
493,UN1966IntConEco,UN,UNGA,1966,EcoSoc,EcoSoc,Conv,5,#ff7f0e,,#1f77b4,#1144a3,0
494,UN1966OPIntConCivil,UN,UNGA,1966,Civil,Civil,Prot,4,#1f77b4,,#1f77b4,#1144a3,0
495,UN1966Res2184XXI,UN,UNGA,1966,Community,SelfDet,Res,7,#8c564b,,#1f77b4,#1144a3,0
496,UN1966Res2202XXI,UN,UNGA,1966,Community,SelfDet,Res,7,#8c564b,,#1f77b4,#1144a3,0
497,UN1966Res2203XXI,UN,UNGA,1966,Political,Refugee,Res,3,#e377c2,,#1f77b4,#1144a3,0
498,UN1967DecTerrAsylm,UN,UNGA,1967,Political,Refugee,Decl,3,#e377c2,,#1f77b4,#1144a3,0
499,UN1967DeclDiscrWomen,UN,UNGA,1967,Discrimination,Women,Decl,6,#d62728,,#1f77b4,#1144a3,0
500,UN1968ConvNonAppWarCrime,UN,UNGA,1968,IHL,WarCrimes,Conv,8,#7f7f7f,,#1f77b4,#1144a3,0
501,UN1969DecSocProgDev,UN,UNGA,1969,EcoSoc,,Decl,5,#ff7f0e,,#1f77b4,#1144a3,0
502,UN1969LawofTreaties,UN,UNGA,1969,NonHR,,Res,,#c7c7c7,,#1f77b4,#1144a3,0
503,UN1970LawFriendlyRel,UN,UNGA,1970,NonHR,,Decl,,#c7c7c7,,#1f77b4,#1144a3,0
504,UN1970Res2625XXV,UN,UNGA,1970,NonHR,,Res,,#c7c7c7,,#1f77b4,#1144a3,0
505,UN1970Res2626XXV,UN,UNGA,1970,NonHR,,Res,,#c7c7c7,,#1f77b4,#1144a3,0
506,UN1971BioWeapons,UN,COP,1971,NonHR,,Conv,,#c7c7c7,,#1f77b4,#109917,0
507,UN1971DeclRightMentRet,UN,UNGA,1971,Discrimination,Disab,Decl,6,#d62728,,#1f77b4,#1144a3,0
508,UN1971Res2775DXXVI,UN,UNGA,1971,Discrimination,,Res,6,#d62728,,#1f77b4,#1144a3,0
509,UN1971Res2784XXVI,UN,UNGA,1971,Discrimination,Race,Res,6,#d62728,,#1f77b4,#1144a3,0
510,UN1971Res2858XXVI,UN,UNGA,1971,NonHR,,Res,,#c7c7c7,,#1f77b4,#1144a3,0
511,UN1972GenRecCERD1,UN,CERD,1972,Institution,Race,GenRec,,#9467bd,,#1f77b4,#bcf8c3,3
512,UN1972GenRecCERD2,UN,CERD,1972,Institution,Race,GenRec,,#9467bd,,#1f77b4,#bcf8c3,3
513,UN1972GenRecCERD3,UN,CERD,1972,Institution,Race,GenRec,,#9467bd,,#1f77b4,#bcf8c3,3
514,UN1972Res2919XXVII,UN,UNGA,1972,Discrimination,,Res,6,#d62728,,#1f77b4,#1144a3,0
515,UN1972Res3021XXVII,UN,UNGA,1972,NonHR,,Res,,#c7c7c7,,#1f77b4,#1144a3,0
516,UN1972Res3037XXVII,UN,UNGA,1972,NonHR,,Res,,#c7c7c7,,#1f77b4,#1144a3,0
517,UN1972Res45III,UN,UNGA,1972,EcoSoc,,Res,5,#ff7f0e,,#1f77b4,#1144a3,0
518,UN1972Stockholm,UN,COP,1972,NonHR,,Decl,,#c7c7c7,,#1f77b4,#109917,0
519,UN1973GenRecCERD4,UN,CERD,1973,Institution,Race,GenRec,,#9467bd,,#1f77b4,#bcf8c3,3
520,UN1973PrincWarCrime,UN,UNGA,1973,IHL,WarCrimes,Princ,8,#7f7f7f,,#1f77b4,#1144a3,0
521,UN1973Res3057XXVIII,UN,UNGA,1973,Discrimination,,Res,6,#d62728,,#1f77b4,#1144a3,0
522,UN1973Res3082XXVIII,UN,UNGA,1973,NonHR,,Res,,#c7c7c7,,#1f77b4,#1144a3,0
523,UN1973Res3144XXVIII,UN,UNGA,1973,NonHR,,Res,,#c7c7c7,,#1f77b4,#1144a3,0
524,UN1974CharterEcoDuties,UN,UNGA,1974,EcoSoc,,Conv,5,#ff7f0e,,#1f77b4,#1144a3,0
525,UN1974ConvCrimeAparth,UN,UNGA,1974,Community,SelfDet,Conv,7,#8c564b,,#1f77b4,#1144a3,0
526,UN1974DecWomenChildConf,UN,UNGA,1974,Discrimination,Women,Decl,6,#d62728,,#1f77b4,#1144a3,0
527,UN1974Res1564,UN,UNGA,1974,EcoSoc,,Res,5,#ff7f0e,,#1f77b4,#1144a3,0
528,UN1974Res3201SVI,UN,UNGA,1974,NonHR,,Res,,#c7c7c7,,#1f77b4,#1144a3,0
529,UN1974Res3202SVI,UN,UNGA,1974,NonHR,,Res,,#c7c7c7,,#1f77b4,#1144a3,0
530,UN1974Res3280,UN,UNGA,1974,General,Discrimination,Res,,#2ca02c,,#1f77b4,#1144a3,0
531,UN1974Res3281XXIX,UN,UNGA,1974,EcoSoc,,Res,5,#ff7f0e,,#1f77b4,#1144a3,0
532,UN1975DecDisabled,UN,UNGA,1975,Discrimination,Disab,Decl,6,#d62728,,#1f77b4,#1144a3,0
533,UN1975DecProtTorture,UN,UNGA,1975,Civil,PhysInt,Decl,4,#1f77b4,,#1f77b4,#1144a3,0
534,UN1975DecUseScience,UN,UNGA,1975,Civil,Bio,Decl,4,#1f77b4,,#1f77b4,#1144a3,0
535,UN1975Res3362SVII,UN,UNGA,1975,NonHR,,Res,,#c7c7c7,,#1f77b4,#1144a3,0
536,UN1975Res3411EXXX,UN,UNGA,1975,Discrimination,,Res,6,#d62728,,#1f77b4,#1144a3,0
537,UN1975ResPrevDisab,UN,EcoSoc,1975,EcoSoc,,Res,5,#ff7f0e,,#1f77b4,#b7ed57,0
538,UN1976Res31169,UN,UNGA,1976,NonHR,,Res,,#c7c7c7,,#1f77b4,#1144a3,0
539,UN1976Res316F,UN,UNGA,1976,Discrimination,,Res,6,#d62728,,#1f77b4,#1144a3,0
540,UN1976VancouvDeclHumSettl,UN,COP,1976,EcoSoc,Living,Decl,5,#ff7f0e,,#1f77b4,#109917,0
541,UN1977APMardelPlata,UN,COP,1977,NonHR,NonHR-Development,Prot,,#c7c7c7,,#1f77b4,#109917,0
542,UN1977GenRecCERD5,UN,CERD,1977,Institution,Race,GenRec,,#9467bd,,#1f77b4,#bcf8c3,3
543,UN1977Res2076LXII,UN,UNGA,1977,Civil,,Res,4,#1f77b4,,#1f77b4,#1144a3,0
544,UN1977Res32105M,UN,UNGA,1977,Discrimination,,Res,6,#d62728,,#1f77b4,#1144a3,0
545,UN1977Res32109,UN,UNGA,1977,NonHR,,Res,,#c7c7c7,,#1f77b4,#1144a3,0
546,UN1977Res32123,UN,UNGA,1977,Institution,Institution,Res,,#9467bd,,#1f77b4,#1144a3,0
547,UN1977Res32130,UN,UNGA,1977,Institution,,Res,,#9467bd,,#1f77b4,#1144a3,0
548,UN1977Res32197,UN,UNGA,1977,NonHR,,Res,,#c7c7c7,,#1f77b4,#1144a3,0
549,UN1977Res3259,UN,UNGA,1977,Civil,,Res,4,#1f77b4,,#1f77b4,#1144a3,0
550,UN1977Res3260,UN,UNGA,1977,Civil,,Res,4,#1f77b4,,#1f77b4,#1144a3,0
551,UN1978HRCres20XXXIV,UN,HRC,1978,Discrimination,Children,Res,6,#d62728,,#1f77b4,#7edff1,0
552,UN1978Res33104,UN,UNGA,1978,Institution,,Res,,#9467bd,,#1f77b4,#1144a3,0
553,UN1978Res33135,UN,UNGA,1978,NonHR,,Res,,#c7c7c7,,#1f77b4,#1144a3,0
554,UN1978Res33166,UN,UNGA,1978,Discrimination,Children,Res,6,#d62728,,#1f77b4,#1144a3,0
555,UN1978Res33177,UN,UNGA,1978,Institution,,Res,,#9467bd,,#1f77b4,#1144a3,0
556,UN1978Res3346,UN,UNGA,1978,Institution,,Res,,#9467bd,,#1f77b4,#1144a3,0
557,UN1979CEDAW,UN,COP,1979,Discrimination,Women,Conv,6,#d62728,,#1f77b4,#109917,0
558,UN1979CodeCondLaw,UN,UNGA,1979,Civil,,Res,4,#1f77b4,,#1f77b4,#1144a3,0
559,UN1979Res34172,UN,UNGA,1979,NonHR,,Res,,#c7c7c7,,#1f77b4,#1144a3,0
560,UN1979Res34180,UN,UNGA,1979,Discrimination,Women,Res,6,#d62728,,#1f77b4,#1144a3,0
561,UN1979Res3446,UN,UNGA,1979,Institution,,Res,,#9467bd,,#1f77b4,#1144a3,0
562,UN1979Res3449,UN,UNGA,1979,Institution,,Res,,#9467bd,,#1f77b4,#1144a3,0
563,UN1980HRCres5XXXVI,UN,HRC,1980,Community,SelfDet,Res,7,#8c564b,,#1f77b4,#7edff1,0
564,UN1980Res35171,UN,UNGA,1980,Civil,,Res,4,#1f77b4,,#1f77b4,#1144a3,0
565,UN1980Res35198,UN,UNGA,1980,NonHR,,Res,,#c7c7c7,,#1f77b4,#1144a3,0
566,UN1980Res3556,UN,UNGA,1980,NonHR,,Res,,#c7c7c7,,#1f77b4,#1144a3,0
567,UN1981DeclElimIntolBelief,UN,UNGA,1981,Discrimination,Rel,Decl,6,#d62728,,#1f77b4,#1144a3,0
568,UN1981GenComCCPR1,UN,CCPR,1981,Institution,,GenCom,,#9467bd,,#1f77b4,#2a2a24,3
569,UN1981GenComCCPR2,UN,CCPR,1981,Institution,,GenCom,,#9467bd,,#1f77b4,#2a2a24,3
570,UN1981GenComCCPR3,UN,CCPR,1981,Political,,GenCom,3,#e377c2,,#1f77b4,#2a2a24,3
571,UN1981GenComCCPR4,UN,CCPR,1981,Discrimination,,GenCom,6,#d62728,,#1f77b4,#2a2a24,3
572,UN1981GenComCCPR5,UN,CCPR,1981,Political,,GenCom,3,#e377c2,,#1f77b4,#2a2a24,3
573,UN1981Res36103,UN,UNGA,1981,NonHR,,Res,,#c7c7c7,,#1f77b4,#1144a3,0
574,UN1981Res36134,UN,UNGA,1981,Institution,,Res,,#9467bd,,#1f77b4,#1144a3,0
575,UN1981Res36160,UN,UNGA,1981,NonHR,,Res,,#c7c7c7,,#1f77b4,#1144a3,0
576,UN1981Res3621,UN,UNGA,1981,NonHR,,Res,,#c7c7c7,,#1f77b4,#1144a3,0
577,UN1982GenComCCPR6,UN,CCPR,1982,Political,,GenCom,3,#e377c2,,#1f77b4,#2a2a24,3
578,UN1982GenComCCPR7,UN,CCPR,1982,Civil,,GenCom,4,#1f77b4,,#1f77b4,#2a2a24,3
579,UN1982GenComCCPR8,UN,CCPR,1982,Political,,GenCom,3,#e377c2,,#1f77b4,#2a2a24,3
580,UN1982GenComCCPR9,UN,CCPR,1982,Civil,JustSys,GenCom,4,#1f77b4,,#1f77b4,#2a2a24,3
581,UN1982GenRecCERD6,UN,CERD,1982,Institution,Race,GenCom,,#9467bd,,#1f77b4,#bcf8c3,3
582,UN1982PrincMedEthics,UN,UNGA,1982,Civil,,Princ,4,#1f77b4,,#1f77b4,#1144a3,0
583,UN1982Res37170,UN,UNGA,1982,NonHR,,Res,,#c7c7c7,,#1f77b4,#1144a3,0
584,UN1982Res3741,UN,UNGA,1982,Discrimination,,Res,6,#d62728,,#1f77b4,#1144a3,0
585,UN1982Res3751,UN,UNGA,1982,NonHR,,Res,,#c7c7c7,,#1f77b4,#1144a3,0
586,UN1982WorldProgDisab,UN,UNGA,1982,EcoSoc,,Res,5,#ff7f0e,,#1f77b4,#1144a3,0
587,UN1982intPlanofActionAging,UN,COP,1982,Discrimination,Elderly,Decl,6,#d62728,,#1f77b4,#109917,0
588,UN1983GenComCCPR10,UN,CCPR,1983,Political,,GenCom,3,#e377c2,,#1f77b4,#2a2a24,3
589,UN1983GenComCCPR11,UN,CCPR,1983,Political,,GenCom,3,#e377c2,,#1f77b4,#2a2a24,3
590,UN1983Res38123,UN,UNGA,1983,Institution,,Res,,#9467bd,,#1f77b4,#1144a3,0
591,UN1983Res3814,UN,UNGA,1983,Discrimination,,Res,6,#d62728,,#1f77b4,#1144a3,0
592,UN1983Res3886,UN,UNGA,1983,NonHR,,Res,,#c7c7c7,,#1f77b4,#1144a3,0
593,UN1984ConvTorture,UN,UNGA,1984,Civil,PhysInt,Conv,4,#1f77b4,,#1f77b4,#1144a3,0
594,UN1984DecRightPeace,UN,UNGA,1984,Political,,Decl,3,#e377c2,,#1f77b4,#1144a3,0
595,UN1984GenComCCPR12,UN,CCPR,1984,Community,SelfDet,GenCom,7,#8c564b,,#1f77b4,#2a2a24,3
596,UN1984GenComCCPR13,UN,CCPR,1984,Civil,,GenCom,4,#1f77b4,,#1f77b4,#2a2a24,3
597,UN1984GenComCCPR14,UN,CCPR,1984,General,,GenCom,,#2ca02c,,#1f77b4,#2a2a24,3
598,UN1984ProcedStandMinRulesPris,UN,UNGA,1984,Civil,,Guide,4,#1f77b4,,#1f77b4,#1144a3,0
599,UN1984Res39102,UN,UNGA,1984,NonHR,,Res,,#c7c7c7,,#1f77b4,#1144a3,0
600,UN1984Res39112,UN,UNGA,1984,NonHR,,Res,,#c7c7c7,,#1f77b4,#1144a3,0
601,UN1984Res39118,UN,UNGA,1984,NonHR,,Res,,#c7c7c7,,#1f77b4,#1144a3,0
602,UN1984Res39144,UN,UNGA,1984,Institution,,Res,,#9467bd,,#1f77b4,#1144a3,0
603,UN1984Res3916,UN,UNGA,1984,Discrimination,,Res,6,#d62728,,#1f77b4,#1144a3,0
604,UN1984Res3972,UN,UNGA,1984,NonHR,,Res,,#c7c7c7,,#1f77b4,#1144a3,0
605,UN1985ConvAparthSport,UN,UNGA,1985,Discrimination,Race,Conv,6,#d62728,,#1f77b4,#1144a3,0
606,UN1985DecHRIndiv,UN,UNGA,1985,Political,Migrate,Decl,3,#e377c2,,#1f77b4,#1144a3,0
607,UN1985DeclBasePrincJust,UN,UNGA,1985,Civil,JustSys,Decl,4,#1f77b4,,#1f77b4,#1144a3,0
608,UN1985GenRecCERD7,UN,CERD,1985,Discrimination,Race,GenRec,6,#d62728,,#1f77b4,#bcf8c3,3
609,UN1985NairobiStratWomen,UN,WC,1985,General,Women,Strategy,,#2ca02c,,#1f77b4,#d62728,0
610,UN1985PrincIndepJud,UN,UNGA,1985,Civil,,Princ,4,#1f77b4,,#1f77b4,#1144a3,0
611,UN1985Res40123,UN,UNGA,1985,Institution,,Res,,#9467bd,,#1f77b4,#1144a3,0
612,UN1985Res40130,UN,UNGA,1985,NonHR,,Res,,#c7c7c7,,#1f77b4,#1144a3,0
613,UN1985Res40144,UN,UNGA,1985,Political,Migrate,Res,3,#e377c2,,#1f77b4,#1144a3,0
614,UN1985Res40146,UN,UNGA,1985,Civil,,Res,4,#1f77b4,,#1f77b4,#1144a3,0
615,UN1985Res4032,UN,UNGA,1985,Civil,,Res,4,#1f77b4,,#1f77b4,#1144a3,0
616,UN1985Res4033,UN,UNGA,1985,Civil,,Res,4,#1f77b4,,#1f77b4,#1144a3,0
617,UN1985Res4034,UN,UNGA,1985,Civil,,Res,4,#1f77b4,,#1f77b4,#1144a3,0
618,UN1985Res4036,UN,UNGA,1985,NonHR,,Res,,#c7c7c7,,#1f77b4,#1144a3,0
619,UN1985Res4039,UN,UNGA,1985,Discrimination,Women,Res,6,#d62728,,#1f77b4,#1144a3,0
620,UN1985StandMinRuleJuv,UN,UNGA,1985,Civil,,Guide,4,#1f77b4,,#1f77b4,#1144a3,0
621,UN1986DeclRightDev,UN,UNGA,1986,Community,Develop,Decl,7,#8c564b,,#1f77b4,#1144a3,0
622,UN1986GenComCCPR15,UN,CCPR,1986,Political,Migrate,GenCom,3,#e377c2,,#1f77b4,#2a2a24,3
623,UN1986GenRecCEDAW1,UN,CEDAW,1986,Institution,Women,GenRec,,#9467bd,,#1f77b4,#94290f,3
624,UN1986Res4064G,UN,UNGA,1986,Discrimination,,Res,6,#d62728,,#1f77b4,#1144a3,0
625,UN1986Res41108,UN,UNGA,1986,Discrimination,Women,Res,6,#d62728,,#1f77b4,#1144a3,0
626,UN1986Res41120,UN,UNGA,1986,General,General,Res,,#2ca02c,,#1f77b4,#1144a3,0
627,UN1986Res41129,UN,UNGA,1986,Institution,,Res,,#9467bd,,#1f77b4,#1144a3,0
628,UN1986Res41151,UN,UNGA,1986,NonHR,,Res,,#c7c7c7,,#1f77b4,#1144a3,0
629,UN1986Res4194,UN,UNGA,1986,NonHR,,Res,,#c7c7c7,,#1f77b4,#1144a3,0
630,UN1986SocLegPrinChild,UN,UNGA,1986,Discrimination,Children,Res,6,#d62728,,#1f77b4,#1144a3,0
631,UN1987GenRecCEDAW2,UN,CEDAW,1987,Institution,Women,GenRec,,#9467bd,,#1f77b4,#94290f,3
632,UN1987GenRecCEDAW3,UN,CEDAW,1987,Community,Edu,GenRec,7,#8c564b,,#1f77b4,#94290f,3
633,UN1987GenRecCEDAW4,UN,CEDAW,1987,Institution,Women,GenRec,,#9467bd,,#1f77b4,#94290f,3
634,UN1987HRCres12,UN,HRC,1987,NonHR,,Res,,#c7c7c7,,#1f77b4,#7edff1,0
635,UN1987HRCres40,UN,HRC,1987,Institution,,Res,,#9467bd,,#1f77b4,#7edff1,0
636,UN1987Res42105,UN,UNGA,1987,Discrimination,Women,Res,6,#d62728,,#1f77b4,#1144a3,0
637,UN1987Res42116,UN,UNGA,1987,Institution,,Res,,#9467bd,,#1f77b4,#1144a3,0
638,UN1987Res42140,UN,UNGA,1987,NonHR,,Res,,#c7c7c7,,#1f77b4,#1144a3,0
639,UN1987Res42183,UN,UNGA,1987,NonHR,NonHR-Environment,Res,,#c7c7c7,,#1f77b4,#1144a3,0
640,UN1987Res4247,UN,UNGA,1987,Discrimination,,Res,6,#d62728,,#1f77b4,#1144a3,0
641,UN1987Res4259,UN,UNGA,1987,NonHR,,Res,,#c7c7c7,,#1f77b4,#1144a3,0
642,UN1987Res4260,UN,UNGA,1987,Discrimination,Women,Res,6,#d62728,,#1f77b4,#1144a3,0
643,UN1988GenComCCPR16,UN,CCPR,1988,Civil,,GenCom,4,#1f77b4,,#1f77b4,#2a2a24,3
644,UN1988GenRecCEDAW5,UN,CEDAW,1988,Institution,Women,GenCom,,#9467bd,,#1f77b4,#94290f,3
645,UN1988GenRecCEDAW6,UN,CEDAW,1988,Institution,Women,GenCom,,#9467bd,,#1f77b4,#94290f,3
646,UN1988GenRecCEDAW7,UN,CEDAW,1988,Institution,Women,GenCom,,#9467bd,,#1f77b4,#94290f,3
647,UN1988GenRecCEDAW8,UN,CEDAW,1988,Institution,Women,GenCom,,#9467bd,,#1f77b4,#94290f,3
648,UN1988HRCres16,UN,HRC,1988,NonHR,,Res,,#c7c7c7,,#1f77b4,#7edff1,0
649,UN1988HRCres72,UN,HRC,1988,Institution,,Res,,#9467bd,,#1f77b4,#7edff1,0
650,UN1988PrincDetention,UN,UNGA,1988,Civil,,Princ,4,#1f77b4,,#1f77b4,#1144a3,0
651,UN1988Res43112,UN,UNGA,1988,NonHR,,Res,,#c7c7c7,,#1f77b4,#1144a3,0
652,UN1988Res43115,UN,UNGA,1988,Institution,,Res,,#9467bd,,#1f77b4,#1144a3,0
653,UN1988Res43128,UN,UNGA,1988,Institution,,Res,,#9467bd,,#1f77b4,#1144a3,0
654,UN1988Res43146,UN,UNGA,1988,NonHR,,Res,,#c7c7c7,,#1f77b4,#1144a3,0
655,UN1988Res43181,UN,UNGA,1988,EcoSoc,Living,Res,5,#ff7f0e,,#1f77b4,#1144a3,0
656,UN1988Res43212,UN,UNGA,1988,NonHR,NonHR-Environment,Res,,#c7c7c7,,#1f77b4,#1144a3,0
657,UN1988Res4391,UN,UNGA,1988,Discrimination,,Res,6,#d62728,,#1f77b4,#1144a3,0
658,UN1988Res4399,UN,UNGA,1988,NonHR,,Res,,#c7c7c7,,#1f77b4,#1144a3,0
659,UN1989Child,UN,UNGA,1989,Discrimination,Children,Conv,6,#d62728,,#1f77b4,#1144a3,0
660,UN1989ConvMercenaries,UN,UNGA,1989,EcoSoc,,Conv,5,#ff7f0e,,#1f77b4,#1144a3,0
661,UN1989GenComCCPR17,UN,CCPR,1989,Discrimination,Children,GenCom,6,#d62728,,#1f77b4,#2a2a24,3
662,UN1989GenComCCPR18,UN,CCPR,1989,Discrimination,,GenCom,6,#d62728,,#1f77b4,#2a2a24,3
663,UN1989GenComCESCR1,UN,CESCR,1989,Institution,,GenCom,,#9467bd,,#1f77b4,#88540e,3
664,UN1989GenRecCEDAW10,UN,CEDAW,1989,Institution,Women,GenRec,,#9467bd,,#1f77b4,#94290f,3
665,UN1989GenRecCEDAW11,UN,CEDAW,1989,Institution,Women,GenRec,,#9467bd,,#1f77b4,#94290f,3
666,UN1989GenRecCEDAW12,UN,CEDAW,1989,Discrimination,Women,GenRec,6,#d62728,,#1f77b4,#94290f,3
667,UN1989GenRecCEDAW13,UN,CEDAW,1989,EcoSoc,Women,GenRec,5,#ff7f0e,,#1f77b4,#94290f,3
668,UN1989GenRecCEDAW9,UN,CEDAW,1989,Institution,,GenRec,,#9467bd,,#1f77b4,#94290f,3
669,UN1989HRCres13,UN,HRC,1989,General,,Res,,#2ca02c,,#1f77b4,#7edff1,0
670,UN1989HRCres198911,UN,HRC,1989,Discrimination,Living,Res,6,#d62728,,#1f77b4,#7edff1,0
671,UN1989HRCres198957,UN,HRC,1989,NonHR,,Res,,#c7c7c7,,#1f77b4,#7edff1,0
672,UN1989HRCres198979,UN,HRC,1989,NonHR,,Res,,#c7c7c7,,#1f77b4,#7edff1,0
673,UN1989HRCres42,UN,HRC,1989,NonHR,NonHR-Environment,Res,,#c7c7c7,,#1f77b4,#7edff1,0
674,UN1989HRCres52,UN,HRC,1989,Institution,,Res,,#9467bd,,#1f77b4,#7edff1,0
675,UN1989HRCres9,UN,HRC,1989,Discrimination,,Res,6,#d62728,,#1f77b4,#7edff1,0
676,UN1989OP2ICCPR,UN,UNGA,1989,Political,,Prot,3,#e377c2,,#1f77b4,#1144a3,0
677,UN1989Res44155,UN,UNGA,1989,NonHR,,Res,,#c7c7c7,,#1f77b4,#1144a3,0
678,UN1989Res44226,UN,UNGA,1989,NonHR,NonHR-Environment,Res,,#c7c7c7,,#1f77b4,#1144a3,0
679,UN1989Res44228,UN,UNGA,1989,NonHR,,Res,,#c7c7c7,,#1f77b4,#1144a3,0
680,UN1989Res4425,UN,UNGA,1989,Discrimination,Children,Res,6,#d62728,,#1f77b4,#1144a3,0
681,UN1989Res4452,UN,UNGA,1989,Discrimination,,Res,6,#d62728,,#1f77b4,#1144a3,0
682,UN1989Res4464,UN,UNGA,1989,Institution,,Res,,#9467bd,,#1f77b4,#1144a3,0
683,UN1989Res4472,UN,UNGA,1989,NonHR,,Res,,#c7c7c7,,#1f77b4,#1144a3,0
684,UN1989Res4482,UN,UNGA,1989,General,,Res,,#2ca02c,,#1f77b4,#1144a3,0
685,UN1990BasicPrincPrison,UN,UNGA,1990,Civil,,Princ,4,#1f77b4,,#1f77b4,#1144a3,0
686,UN1990GenComCCPR19,UN,CCPR,1990,Political,,GenCom,3,#e377c2,,#1f77b4,#2a2a24,3
687,UN1990GenComCESCR2,UN,CESCR,1990,Institution,,GenCom,,#9467bd,,#1f77b4,#88540e,3
688,UN1990GenComCESCR3,UN,CESCR,1990,Institution,,GenCom,,#9467bd,,#1f77b4,#88540e,3
689,UN1990GenRecCEDAW14,UN,CEDAW,1990,Discrimination,Women,GenRec,6,#d62728,,#1f77b4,#94290f,3
690,UN1990GenRecCEDAW15,UN,CEDAW,1990,EcoSoc,Women,GenRec,6,#d62728,,#1f77b4,#94290f,3
691,UN1990GenRecCERD8,UN,CERD,1990,Discrimination,Race,GenRec,6,#d62728,,#1f77b4,#bcf8c3,3
692,UN1990GenRecCERD9,UN,CERD,1990,Discrimination,Race,GenRec,6,#d62728,,#1f77b4,#bcf8c3,3
693,UN1990GuideJuvDel,UN,UNGA,1990,Civil,,Guide,4,#1f77b4,,#1f77b4,#1144a3,0
694,UN1990GuideRoleProsec,UN,UNGA,1990,Civil,,Guide,4,#1f77b4,,#1f77b4,#1144a3,0
695,UN1990HRCres199013,UN,HRC,1990,Discrimination,,Res,6,#d62728,,#1f77b4,#7edff1,0
696,UN1990HRCres27,UN,HRC,1990,NonHR,,Res,,#c7c7c7,,#1f77b4,#7edff1,0
697,UN1990HRCres30,UN,HRC,1990,NonHR,,Res,,#c7c7c7,,#1f77b4,#7edff1,0
698,UN1990HRCres34,UN,HRC,1990,NonHR,,Res,,#c7c7c7,,#1f77b4,#7edff1,0
699,UN1990HRCres43,UN,HRC,1990,NonHR,NonHR-Environment,Res,,#c7c7c7,,#1f77b4,#7edff1,0
700,UN1990HRCres51,UN,HRC,1990,NonHR,,Res,,#c7c7c7,,#1f77b4,#7edff1,0
701,UN1990HRCres73,UN,HRC,1990,Institution,,Res,,#9467bd,,#1f77b4,#7edff1,0
702,UN1990IntConvMigWork,UN,UNGA,1990,Political,Migrate,Conv,3,#e377c2,,#1f77b4,#1144a3,0
703,UN1990PrincRoleLawyer,UN,UNGA,1990,Civil,,Princ,4,#1f77b4,,#1f77b4,#1144a3,0
704,UN1990PrincUseForce,UN,UNGA,1990,Civil,,Princ,4,#1f77b4,,#1f77b4,#1144a3,0
705,UN1990Res45105,UN,UNGA,1990,Discrimination,,Res,6,#d62728,,#1f77b4,#1144a3,0
706,UN1990Res45106,UN,UNGA,1990,NonHR,,Res,,#c7c7c7,,#1f77b4,#1144a3,0
707,UN1990Res45108,UN,UNGA,1990,NonHR,,Res,,#c7c7c7,,#1f77b4,#1144a3,0
708,UN1990Res45111,UN,UNGA,1990,Civil,JustSys,Res,4,#1f77b4,,#1f77b4,#1144a3,0
709,UN1990Res45121,UN,UNGA,1990,Civil,,Res,4,#1f77b4,,#1f77b4,#1144a3,0
710,UN1990Res4513,UN,UNGA,1990,NonHR,NonHR-Institutions,Res,,#c7c7c7,,#1f77b4,#1144a3,0
711,UN1990Res45155,UN,UNGA,1990,Institution,,Res,,#9467bd,,#1f77b4,#1144a3,0
712,UN1990Res45158,UN,UNGA,1990,Political,Migrate,Res,3,#e377c2,,#1f77b4,#1144a3,0
713,UN1990Res45217,UN,UNGA,1990,Discrimination,Children,Res,6,#d62728,,#1f77b4,#1144a3,0
714,UN1990Res4594,UN,UNGA,1990,Political,,Res,3,#e377c2,,#1f77b4,#1144a3,0
715,UN1990RulesProtecJuv,UN,UNGA,1990,Civil,,Guide,4,#1f77b4,,#1f77b4,#1144a3,0
716,UN1990StandMiniTokyo,UN,UNGA,1990,Civil,,Guide,4,#1f77b4,,#1f77b4,#1144a3,0
717,UN1991Dec45428,UN,UNGA,1991,NonHR,,Dec,,#c7c7c7,,#1f77b4,#1144a3,0
718,UN1991GenComCESCR4,UN,CESCR,1991,EcoSoc,,GenCom,5,#ff7f0e,,#1f77b4,#88540e,3
719,UN1991GenRecCEDAW16,UN,CEDAW,1991,EcoSoc,Women,GenRec,5,#ff7f0e,,#1f77b4,#94290f,3
720,UN1991GenRecCEDAW17,UN,CEDAW,1991,EcoSoc,Women,GenRec,5,#ff7f0e,,#1f77b4,#94290f,3
721,UN1991GenRecCEDAW18,UN,CEDAW,1991,Discrimination,Disab,GenRec,6,#d62728,,#1f77b4,#94290f,3
722,UN1991GenRecCERD10,UN,CERD,1991,Institution,Race,GenRec,,#9467bd,,#1f77b4,#bcf8c3,3
723,UN1991HRCres199111,UN,HRC,1991,Discrimination,,Res,6,#d62728,,#1f77b4,#7edff1,0
724,UN1991HRCres199131,UN,HRC,1991,Political,,Res,3,#e377c2,,#1f77b4,#7edff1,0
725,UN1991HRCres27,UN,HRC,1991,Institution,,Res,,#9467bd,,#1f77b4,#7edff1,0
726,UN1991HRCres30,UN,HRC,1991,Institution,,Res,,#9467bd,,#1f77b4,#7edff1,0
727,UN1991HRCres47,UN,HRC,1991,NonHR,NonHR-Environment,Res,,#c7c7c7,,#1f77b4,#7edff1,0
728,UN1991PrincOlder,UN,UNGA,1991,Discrimination,Elderly,Princ,6,#d62728,,#1f77b4,#1144a3,0
729,UN1991PrincProtecMentalIll,UN,UNGA,1991,Discrimination,Disab,Princ,6,#d62728,,#1f77b4,#1144a3,0
730,UN1991Res46114,UN,UNGA,1991,Political,Migrate,Res,3,#e377c2,,#1f77b4,#1144a3,0
731,UN1991Res46119,UN,UNGA,1991,EcoSoc,Living,Res,5,#ff7f0e,,#1f77b4,#1144a3,0
732,UN1991Res46124,UN,UNGA,1991,Institution,,Res,,#9467bd,,#1f77b4,#1144a3,0
733,UN1991Res46126,UN,UNGA,1991,General,General,Res,,#2ca02c,,#1f77b4,#1144a3,0
734,UN1991Res46152,UN,UNGA,1991,Civil,,Res,4,#1f77b4,,#1f77b4,#1144a3,0
735,UN1991Res46153,UN,UNGA,1991,Civil,,Res,4,#1f77b4,,#1f77b4,#1144a3,0
736,UN1991Res4685,UN,UNGA,1991,Discrimination,,Res,6,#d62728,,#1f77b4,#1144a3,0
737,UN1991Res4691,UN,UNGA,1991,Discrimination,Elderly,Res,6,#d62728,,#1f77b4,#1144a3,0
738,UN1992ActPlanEnvDev,UN,COP,1992,NonHR,NonHR-SustDev,Decl,,#c7c7c7,,#1f77b4,#109917,0
739,UN1992Agenda21,UN,COP,1992,NonHR,NonHR-Environment,Decl,,#c7c7c7,,#1f77b4,#109917,0
740,UN1992BioDiversity,UN,COP,1992,NonHR,,Conv,,#c7c7c7,,#1f77b4,#109917,0
741,UN1992CommissionHRres36,UN,CHR,1992,Civil,Traffick,Res,4,#1f77b4,,#1f77b4,,0
742,UN1992CommissionHRres74,UN,CHR,1992,Discrimination,Children,Res,6,#d62728,,#1f77b4,,0
743,UN1992DeclRightMinority,UN,UNGA,1992,Community,Minority,Decl,7,#8c564b,,#1f77b4,#1144a3,0
744,UN1992GenComCCPR20,UN,CCPR,1992,Civil,,GenCom,4,#1f77b4,,#1f77b4,#2a2a24,3
745,UN1992GenComCCPR21,UN,CCPR,1992,Civil,,GenCom,4,#1f77b4,,#1f77b4,#2a2a24,3
746,UN1992GenRecCEDAW19,UN,CEDAW,1992,Discrimination,Women,GenRec,6,#d62728,,#1f77b4,#94290f,3
747,UN1992GenRecCEDAW20,UN,CEDAW,1992,Discrimination,Women,GenRec,6,#d62728,,#1f77b4,#94290f,3
748,UN1992HRCres199241,UN,HRC,1992,Political,,Res,3,#e377c2,,#1f77b4,#7edff1,0
749,UN1992HRCres19928,UN,HRC,1992,Discrimination,,Res,6,#d62728,,#1f77b4,#7edff1,0
750,UN1992HRCres54,UN,HRC,1992,Institution,,Res,,#9467bd,,#1f77b4,#7edff1,0
751,UN1992Res47110,UN,UNGA,1992,Political,Migrate,Res,3,#e377c2,,#1f77b4,#1144a3,0
752,UN1992Res47111,UN,UNGA,1992,General,Institution,Res,,#2ca02c,,#1f77b4,#1144a3,0
753,UN1992Res47193,UN,UNGA,1992,EcoSoc,,Res,5,#ff7f0e,,#1f77b4,#1144a3,0
754,UN1992Res47199,UN,UNGA,1992,NonHR,,Res,,#c7c7c7,,#1f77b4,#1144a3,0
755,UN1992Res475,UN,UNGA,1992,Discrimination,Elderly,Res,6,#d62728,,#1f77b4,#1144a3,0
756,UN1992Res4777,UN,UNGA,1992,Discrimination,,Res,6,#d62728,,#1f77b4,#1144a3,0
757,UN1992Res4789,UN,UNGA,1992,Civil,,Res,4,#1f77b4,,#1f77b4,#1144a3,0
758,UN1992Res4791,UN,UNGA,1992,NonHR,,Res,,#c7c7c7,,#1f77b4,#1144a3,0
759,UN1992RioDeclEnvDev,UN,COP,1992,NonHR,Enviro,Decl,,#c7c7c7,,#1f77b4,#109917,0
760,UN1993DeclElimVAW,UN,UNGA,1993,Discrimination,Women,Decl,6,#d62728,,#1f77b4,#1144a3,0
761,UN1993GenComCCPR22,UN,CCPR,1993,Civil,Discrimination,GenCom,4,#1f77b4,,#1f77b4,#bcf8c3,3
762,UN1993GenRecCERD11,UN,CERD,1993,Discrimination,Race,GenRec,6,#d62728,,#1f77b4,#bcf8c3,3
763,UN1993GenRecCERD12,UN,CERD,1993,Discrimination,Race,GenRec,6,#d62728,,#1f77b4,#bcf8c3,3
764,UN1993GenRecCERD13,UN,CERD,1993,Discrimination,Race,GenRec,6,#d62728,,#1f77b4,#bcf8c3,3
765,UN1993GenRecCERD14,UN,CERD,1993,Discrimination,Race,GenRec,6,#d62728,,#1f77b4,#bcf8c3,3
766,UN1993GenRecCERD15,UN,CERD,1993,Discrimination,Race,GenRec,6,#d62728,,#1f77b4,#bcf8c3,3
767,UN1993GenRecCERD16,UN,CERD,1993,Discrimination,Race,GenRec,6,#d62728,,#1f77b4,#bcf8c3,3
768,UN1993GenRecCERD17,UN,CERD,1993,Institution,Race,GenRec,,#9467bd,,#1f77b4,#bcf8c3,3
769,UN1993HRCres199311,UN,HRC,1993,Discrimination,,Res,6,#d62728,,#1f77b4,#7edff1,0
770,UN1993HRCres199320,UN,HRC,1993,Discrimination,,Res,6,#d62728,,#1f77b4,#7edff1,0
771,UN1993HRCres199347,UN,HRC,1993,Political,,Res,3,#e377c2,,#1f77b4,#7edff1,0
772,UN1993HRCres199377,UN,HRC,1993,EcoSoc,Living,Res,5,#ff7f0e,,#1f77b4,#7edff1,0
773,UN1993HRCres46,UN,HRC,1993,NonHR,,Res,,#c7c7c7,,#1f77b4,#7edff1,0
774,UN1993HRCres55,UN,HRC,1993,Institution,,Res,,#9467bd,,#1f77b4,#7edff1,0
775,UN1993HRCres90,UN,HRC,1993,NonHR,NonHR-Environment,Res,,#c7c7c7,,#1f77b4,#7edff1,0
776,UN1993Res48101,UN,UNGA,1993,Civil,,Res,4,#1f77b4,,#1f77b4,#1144a3,0
777,UN1993Res48103,UN,UNGA,1993,NonHR,,Res,,#c7c7c7,,#1f77b4,#1144a3,0
778,UN1993Res48134,UN,UNGA,1993,Institution,,Res,,#9467bd,,#1f77b4,#1144a3,0
779,UN1993Res48141,UN,UNGA,1993,Institution,Institution,Res,,#9467bd,,#1f77b4,#1144a3,0
780,UN1993Res48148,UN,UNGA,1993,Political,Migrate,Res,3,#e377c2,,#1f77b4,#1144a3,0
781,UN1993Res4831,UN,UNGA,1993,NonHR,,Res,,#c7c7c7,,#1f77b4,#1144a3,0
782,UN1993Res4891,UN,UNGA,1993,Discrimination,,Res,6,#d62728,,#1f77b4,#1144a3,0
783,UN1993Res4898,UN,UNGA,1993,Discrimination,Elderly,Res,6,#d62728,,#1f77b4,#1144a3,0
784,UN1993WCHR,UN,WC,1993,General,,Decl,,#2ca02c,,#1f77b4,#d62728,0
785,UN1994ActPlanPopDev,UN,COP,1994,NonHR,NonHR-SustDev,AP,,#c7c7c7,,#1f77b4,#109917,0
786,UN1994GenComCCPR23,UN,CCPR,1994,Political,,GenCom,3,#e377c2,,#1f77b4,#2a2a24,3
787,UN1994GenComCCPR24,UN,CCPR,1994,Political,,GenCom,3,#e377c2,,#1f77b4,#2a2a24,3
788,UN1994GenComCESCR5,UN,CESCR,1994,Discrimination,Disab,GenCom,6,#d62728,,#1f77b4,#88540e,3
789,UN1994GenRecCEDAW21,UN,CEDAW,1994,EcoSoc,Women,GenRec,5,#ff7f0e,,#1f77b4,#94290f,3
790,UN1994GenRecCERD18,UN,CERD,1994,Institution,Race,GenRec,,#9467bd,,#1f77b4,#bcf8c3,3
791,UN1994HRCres199445,UN,HRC,1994,Discrimination,Women,Res,6,#d62728,,#1f77b4,#7edff1,0
792,UN1994HRCres199446,UN,HRC,1994,Discrimination,,Res,6,#d62728,,#1f77b4,#7edff1,0
793,UN1994HRCres199453,UN,HRC,1994,Political,,Res,3,#e377c2,,#1f77b4,#7edff1,0
794,UN1994HRCres19949,UN,HRC,1994,Discrimination,,Res,6,#d62728,,#1f77b4,#7edff1,0
795,UN1994Res49146,UN,UNGA,1994,Discrimination,,Res,6,#d62728,,#1f77b4,#1144a3,0
796,UN1994Res49147,UN,UNGA,1994,Discrimination,,Res,6,#d62728,,#1f77b4,#1144a3,0
797,UN1994Res49156,UN,UNGA,1994,Civil,,Res,4,#1f77b4,,#1f77b4,#1144a3,0
798,UN1994Res49157,UN,UNGA,1994,Civil,,Res,4,#1f77b4,,#1f77b4,#1144a3,0
799,UN1994Res49181,UN,UNGA,1994,NonHR,,Res,,#c7c7c7,,#1f77b4,#1144a3,0
800,UN1994Res49184,UN,UNGA,1994,NonHR,,Res,,#c7c7c7,,#1f77b4,#1144a3,0
801,UN1994StandDisab,UN,UNGA,1993,Discrimination,Disab,Res,6,#d62728,,#1f77b4,#1144a3,0
802,UN1995ActPlanSocDev,UN,UNGA,1995,EcoSoc,,AP,5,#ff7f0e,,#1f77b4,#1144a3,0
803,UN1995CophDec,UN,COP,1995,EcoSoc,,Decl,5,#ff7f0e,,#1f77b4,#109917,0
804,UN1995DakarDec,UN,COP,1995,Discrimination,Women,Decl,6,#d62728,,#1f77b4,#109917,0
805,UN1995GenComCESCR6,UN,CESCR,1995,Discrimination,Elderly,GenCom,6,#d62728,,#1f77b4,#88540e,3
806,UN1995GenRecCEDAW22,UN,CEDAW,1995,Institution,Women,GenRec,,#9467bd,,#1f77b4,#94290f,3
807,UN1995GenRecCERD19,UN,CERD,1995,Discrimination,Race,GenRec,6,#d62728,,#1f77b4,#bcf8c3,3
808,UN1995HRCres199511,UN,HRC,1995,Discrimination,,Res,6,#d62728,,#1f77b4,#7edff1,0
809,UN1995HRCres199512,UN,HRC,1995,Discrimination,,Res,6,#d62728,,#1f77b4,#7edff1,0
810,UN1995HRCres19954,UN,HRC,1995,NonHR,,Res,,#c7c7c7,,#1f77b4,#7edff1,0
811,UN1995HRCres199587,UN,HRC,1995,Political,,Res,3,#e377c2,,#1f77b4,#7edff1,0
812,UN1995HRCres81,UN,HRC,1995,Community,Enviro,Res,7,#8c564b,,#1f77b4,#7edff1,0
813,UN1995Res50135,UN,UNGA,1995,Discrimination,,Res,6,#d62728,,#1f77b4,#1144a3,0
814,UN1995Res50145,UN,UNGA,1995,Civil,,Res,4,#1f77b4,,#1f77b4,#1144a3,0
815,UN1995Res50147,UN,UNGA,1995,Civil,,Res,4,#1f77b4,,#1f77b4,#1144a3,0
816,UN1995Res50153,UN,UNGA,1995,NonHR,,Res,,#c7c7c7,,#1f77b4,#1144a3,0
817,UN1995Res50174,UN,UNGA,1995,General,General,Res,,#2ca02c,,#1f77b4,#1144a3,0
818,UN1995Res50181,UN,UNGA,1995,NonHR,,Res,,#c7c7c7,,#1f77b4,#1144a3,0
819,UN1996GenComCCPR25,UN,CCPR,1996,Political,,GenCom,3,#e377c2,,#1f77b4,#2a2a24,3
820,UN1996GenRecCERD20,UN,CERD,1996,Discrimination,Race,GenRec,6,#d62728,,#1f77b4,#bcf8c3,3
821,UN1996GenRecCERD21,UN,CERD,1996,Community,Race,GenRec,7,#8c564b,,#1f77b4,#bcf8c3,3
822,UN1996GenRecCERD22,UN,CERD,1996,Political,Race,GenRec,3,#e377c2,,#1f77b4,#bcf8c3,3
823,UN1996HRCres199621,UN,HRC,1996,Discrimination,,Res,6,#d62728,,#1f77b4,#7edff1,0
824,UN1996HRCres199646,UN,HRC,1996,Institution,,Res,,#9467bd,,#1f77b4,#7edff1,0
825,UN1996HRCres19968,UN,HRC,1996,Discrimination,,Res,6,#d62728,,#1f77b4,#7edff1,0
826,UN1996HRCres199685,UN,HRC,1996,NonHR,,Res,,#c7c7c7,,#1f77b4,#7edff1,0
827,UN1996HRCres32,UN,HRC,1996,NonHR,,Res,,#c7c7c7,,#1f77b4,#7edff1,0
828,UN1996HabitatAgenda,UN,COP,1996,NonHR,NonHR-Development,AP,,#c7c7c7,,#1f77b4,#109917,0
829,UN1996PoAUNdecHReduc,UN,UNGA,1996,General,Edu,AP,,#2ca02c,,#1f77b4,#1144a3,0
830,UN1996Res50227,UN,UNGA,1996,NonHR,,Res,,#c7c7c7,,#1f77b4,#1144a3,0
831,UN1996Res51210,UN,UNGA,1996,NonHR,,Res,,#c7c7c7,,#1f77b4,#1144a3,0
832,UN1996Res5161,UN,UNGA,1996,Civil,,Res,4,#1f77b4,,#1f77b4,#1144a3,0
833,UN1996Res5177,UN,UNGA,1996,Discrimination,Children,Res,6,#d62728,,#1f77b4,#1144a3,0
834,UN1996Res5179,UN,UNGA,1996,Discrimination,,Res,6,#d62728,,#1f77b4,#1144a3,0
835,UN1996Res5181,UN,UNGA,1996,Discrimination,,Res,6,#d62728,,#1f77b4,#1144a3,0
836,UN1997GenComCAT1,UN,CAT,1997,Civil,PhysInt,GenCom,4,#1f77b4,,#1f77b4,#5b0e87,3
837,UN1997GenComCCPR26,UN,CCPR,1997,Institution,,GenCom,,#9467bd,,#1f77b4,#88540e,3
838,UN1997GenComCESCR7,UN,CESCR,1997,EcoSoc,Living,GenCom,5,#ff7f0e,,#1f77b4,#88540e,3
839,UN1997GenComCESCR8,UN,CESCR,1997,EcoSoc,,GenCom,5,#ff7f0e,,#1f77b4,#88540e,3
840,UN1997GenRecCEDAW23,UN,CEDAW,1997,Political,Women,GenRec,3,#e377c2,,#1f77b4,#94290f,3
841,UN1997GenRecCERD23,UN,CERD,1997,Discrimination,Indig,GenRec,6,#d62728,,#1f77b4,#bcf8c3,3
842,UN1997GuidNatPAforHReduc,UN,UNGA,1997,Institution,Edu,Guide,,#9467bd,,#1f77b4,#1144a3,0
843,UN1997HRCres106,UN,HRC,1997,NonHR,General,Res,,#c7c7c7,,#1f77b4,#7edff1,0
844,UN1997HRCres74Race,UN,HRC,1997,Discrimination,Race,Res,6,#d62728,,#1f77b4,#7edff1,0
845,UN1997HRCres78,UN,HRC,1997,NonHR,,Res,,#c7c7c7,,#1f77b4,#7edff1,0
846,UN1997LimbPrincESCR,UN,COP,1997,EcoSoc,,Princ,5,#ff7f0e,,#1f77b4,,0
847,UN1997Res52106,UN,UNGA,1997,NonHR,,Res,,#c7c7c7,,#1f77b4,#1144a3,0
848,UN1997Res52111Race,UN,UNGA,1997,Discrimination,Race,Res,6,#d62728,,#1f77b4,#1144a3,0
849,UN1997Res52124,UN,UNGA,1997,Civil,,Res,4,#1f77b4,,#1f77b4,#1144a3,0
850,UN1997Res5215,UN,UNGA,1997,NonHR,,Res,,#c7c7c7,,#1f77b4,#1144a3,0
851,UN1997Res5285,UN,UNGA,1997,NonHR,,Res,,#c7c7c7,,#1f77b4,#1144a3,0
852,UN1997Res5289,UN,UNGA,1997,Civil,,Res,4,#1f77b4,,#1f77b4,#1144a3,0
853,UN1997Res5290,UN,UNGA,1997,NonHR,,Res,,#c7c7c7,,#1f77b4,#1144a3,0
854,UN1997Res5291,UN,UNGA,1997,Civil,,Res,4,#1f77b4,,#1f77b4,#1144a3,0
855,UN1997ResS192,UN,UNGA,1997,NonHR,NonHR-Development,Res,,#c7c7c7,,#1f77b4,#1144a3,0
856,UN1998GenComCESCR10,UN,CESCR,1998,Institution,,GenCom,,#9467bd,,#1f77b4,#88540e,3
857,UN1998GenComCESCR9,UN,CESCR,1998,Institution,,GenCom,,#9467bd,,#1f77b4,#88540e,3
858,UN1998GuidPrincIntDispl,UN,UNGA,1998,Political,Refugee,Guide,3,#e377c2,,#1f77b4,#1144a3,0
859,UN1998HRCres39,UN,HRC,1998,Civil,,Res,4,#1f77b4,,#1f77b4,#7edff1,0
860,UN1998HRCres7,UN,HRC,1998,NonHR,,Res,,#c7c7c7,,#1f77b4,#7edff1,0
861,UN1998PromoteHR,UN,UNGA,1998,General,,Decl,,#2ca02c,,#1f77b4,#1144a3,0
862,UN1998Res53110,UN,UNGA,1998,Civil,,Res,4,#1f77b4,,#1f77b4,#1144a3,0
863,UN1998Res53111,UN,UNGA,1998,NonHR,,Res,,#c7c7c7,,#1f77b4,#1144a3,0
864,UN1998Res53113,UN,UNGA,1998,Civil,,Res,4,#1f77b4,,#1f77b4,#1144a3,0
865,UN1998Res53114,UN,UNGA,1998,NonHR,,Res,,#c7c7c7,,#1f77b4,#1144a3,0
866,UN1998Res53127,UN,UNGA,1998,Discrimination,Children,Res,6,#d62728,,#1f77b4,#1144a3,0
867,UN1998Res53128,UN,UNGA,1998,NonHR,,Res,,#c7c7c7,,#1f77b4,#1144a3,0
868,UN1998Res53144,UN,UNGA,1998,Political,,Res,3,#e377c2,,#1f77b4,#1144a3,0
869,UN1998Res53155,UN,UNGA,1998,Community,Develop,Res,7,#8c564b,,#1f77b4,#1144a3,0
870,UN1998Res53199,UN,UNGA,1998,NonHR,,Res,,#c7c7c7,,#1f77b4,#1144a3,0
871,UN1998Res5325,UN,UNGA,1998,NonHR,,Res,,#c7c7c7,,#1f77b4,#1144a3,0
872,UN1999CDEAWopt,UN,UNGA,1999,Discrimination,Women,OP,6,#d62728,,#1f77b4,#1144a3,0
873,UN1999GenComCCPR27,UN,CCPR,1999,Political,,GenCom,3,#e377c2,,#1f77b4,#2a2a24,3
874,UN1999GenComCESCR11,UN,CESCR,1999,EcoSoc,Edu,GenCom,5,#ff7f0e,,#1f77b4,#88540e,3
875,UN1999GenComCESCR12,UN,CESCR,1999,EcoSoc,,GenCom,5,#ff7f0e,,#1f77b4,#88540e,3
876,UN1999GenComCESCR13,UN,CESCR,1999,EcoSoc,Edu,GenCom,5,#ff7f0e,,#1f77b4,#88540e,3
877,UN1999GenRecCEDAW24,UN,CEDAW,1999,EcoSoc,Women,GenRec,5,#ff7f0e,,#1f77b4,#94290f,3
878,UN1999GenRecCERD24,UN,CERD,1999,Discrimination,Race,GenRec,6,#d62728,,#1f77b4,#bcf8c3,3
879,UN1999HRC199980,UN,HRC,1999,NonHR,,Res,,#c7c7c7,,#1f77b4,#7edff1,0
880,UN1999Res53243A,UN,UNGA,1999,Political,,Res,3,#e377c2,,#1f77b4,#1144a3,0
881,UN1999Res53243B,UN,UNGA,1999,Political,,Res,3,#e377c2,,#1f77b4,#1144a3,0
882,UN1999Res54110,UN,UNGA,1999,NonHR,,Res,,#c7c7c7,,#1f77b4,#1144a3,0
883,UN1999Res54125,UN,UNGA,1999,Civil,,Res,4,#1f77b4,,#1f77b4,#1144a3,0
884,UN1999Res54126,UN,UNGA,1999,NonHR,,Res,,#c7c7c7,,#1f77b4,#1144a3,0
885,UN1999Res54129,UN,UNGA,1999,NonHR,,Res,,#c7c7c7,,#1f77b4,#1144a3,0
886,UN1999Res54130,UN,UNGA,1999,Civil,,Res,4,#1f77b4,,#1f77b4,#1144a3,0
887,UN1999Res54148,UN,UNGA,1999,Discrimination,Children,Res,6,#d62728,,#1f77b4,#1144a3,0
888,UN1999Res54149,UN,UNGA,1999,Discrimination,Children,Res,6,#d62728,,#1f77b4,#1144a3,0
889,UN1999Res54163,UN,UNGA,1999,Civil,,Res,4,#1f77b4,,#1f77b4,#1144a3,0
890,UN1999Res54175,UN,UNGA,1999,Community,Develop,Res,7,#8c564b,,#1f77b4,#1144a3,0
891,UN1999Res5493,UN,UNGA,1999,NonHR,,Res,,#c7c7c7,,#1f77b4,#1144a3,0
892,UN2000ChildP1,UN,UNGA,2000,Discrimination,Children,Prot,6,#d62728,,#1f77b4,#1144a3,0
893,UN2000ChildP2,UN,UNGA,2000,Discrimination,Children,Prot,6,#d62728,,#1f77b4,#1144a3,0
894,UN2000ConvTransOrgCrime,UN,UNGA,2000,NonHR,Crime,Conv,,#c7c7c7,,#1f77b4,#1144a3,0
895,UN2000GenComCCPR28,UN,CCPR,2000,Political,,GenCom,3,#e377c2,,#1f77b4,#2a2a24,3
896,UN2000GenComCESCR14,UN,CESCR,2000,EcoSoc,,GenCom,5,#ff7f0e,,#1f77b4,#88540e,3
897,UN2000GenRecCERD25,UN,CERD,2000,Discrimination,Race,GenRec,6,#d62728,,#1f77b4,#bcf8c3,3
898,UN2000GenRecCERD26,UN,CERD,2000,Discrimination,Race,GenRec,6,#d62728,,#1f77b4,#bcf8c3,3
899,UN2000GenRecCERD27,UN,CERD,2000,Discrimination,Race,GenRec,6,#d62728,,#1f77b4,#bcf8c3,3
900,UN2000HRC200085,UN,HRC,2000,NonHR,,Res,,#c7c7c7,,#1f77b4,#7edff1,0
901,UN2000HRCres39,UN,HRC,2000,Civil,,Res,4,#1f77b4,,#1f77b4,#7edff1,0
902,UN2000HRCres59,UN,HRC,2000,NonHR,,Res,,#c7c7c7,,#1f77b4,#7edff1,0
903,UN2000MillDec,UN,UNGA,2000,NonHR,NonHR-SustDev,Decl,,#c7c7c7,,#1f77b4,#1144a3,0
904,UN2000ProtFirearm,UN,UNGA,2000,NonHR,,Prot,,#c7c7c7,,#1f77b4,#1144a3,0
905,UN2000ProtTraffick,UN,UNGA,2000,Civil,Traffick,Prot,4,#1f77b4,,#1f77b4,#1144a3,0
906,UN2000Res54263,UN,UNGA,2000,Discrimination,Children,Res,6,#d62728,,#1f77b4,#1144a3,0
907,UN2000Res55196,UN,UNGA,2000,EcoSoc,,Res,5,#ff7f0e,,#1f77b4,#1144a3,0
908,UN2000Res5525,UN,UNGA,2000,NonHR,Crime,Res,,#c7c7c7,,#1f77b4,#1144a3,0
909,UN2000Res5559,UN,UNGA,2000,Civil,,Res,4,#1f77b4,,#1f77b4,#1144a3,0
910,UN2000Res5560,UN,UNGA,2000,Civil,,Res,4,#1f77b4,,#1f77b4,#1144a3,0
911,UN2000Res5562,UN,UNGA,2000,Civil,,Res,4,#1f77b4,,#1f77b4,#1144a3,0
912,UN2000Res5578,UN,UNGA,2000,Discrimination,Children,Res,6,#d62728,,#1f77b4,#1144a3,0
913,UN2000Res5579,UN,UNGA,2000,Discrimination,Children,Res,6,#d62728,,#1f77b4,#1144a3,0
914,UN2000Res5589,UN,UNGA,2000,Civil,PhysInt,Res,4,#1f77b4,,#1f77b4,#1144a3,0
915,UN2000ResTorture,UN,UNGA,2000,Civil,PhysInt,Res,4,#1f77b4,,#1f77b4,#1144a3,0
916,UN2000S232,UN,UNGA,2000,Discrimination,Women,Res,6,#d62728,,#1f77b4,#1144a3,0
917,UN2000S233,UN,UNGA,2000,Discrimination,Women,Res,6,#d62728,,#1f77b4,#1144a3,0
918,UN2000SmuggMigrants,UN,UNGA,2000,Civil,Traffick,Prot,4,#1f77b4,,#1f77b4,#1144a3,0
919,UN2001DeclComHIV,UN,UNGA,2001,Discrimination,Living,Decl,6,#d62728,,#1f77b4,#1144a3,0
920,UN2001GenComCCPR29,UN,CCPR,2001,Political,,GenCom,3,#e377c2,,#1f77b4,#2a2a24,3
921,UN2001GenComCRC1,UN,CRC,2001,EcoSoc,Edu,GenCom,5,#ff7f0e,,#1f77b4,#88540e,3
922,UN2001HRCres28,UN,HRC,2001,EcoSoc,,Res,5,#ff7f0e,,#1f77b4,#7edff1,0
923,UN2001HRCres75,UN,HRC,2001,Discrimination,Children,Res,6,#d62728,,#1f77b4,#7edff1,0
924,UN2001Res55255,UN,UNGA,2001,NonHR,,Res,,#c7c7c7,,#1f77b4,#1144a3,0
925,UN2001Res56119,UN,UNGA,2001,Civil,,Res,4,#1f77b4,,#1f77b4,#1144a3,0
926,UN2001Res56122,UN,UNGA,2001,Civil,,Res,4,#1f77b4,,#1f77b4,#1144a3,0
927,UN2001Res56138,UN,UNGA,2001,Discrimination,Children,Res,6,#d62728,,#1f77b4,#1144a3,0
928,UN2001Res56139,UN,UNGA,2001,Discrimination,Children,Res,6,#d62728,,#1f77b4,#1144a3,0
929,UN2001Res56161,UN,UNGA,2001,Civil,,Res,4,#1f77b4,,#1f77b4,#1144a3,0
930,UN2001Res56201,UN,UNGA,2001,NonHR,,Res,,#c7c7c7,,#1f77b4,#1144a3,0
931,UN2001Res56211,UN,UNGA,2001,NonHR,,Res,,#c7c7c7,,#1f77b4,#1144a3,0
932,UN2001ResS262,UN,UNGA,2001,NonHR,,Res,,#c7c7c7,,#1f77b4,#1144a3,0
933,UN2002BasPrincJustRes,UN,UNGA,2002,Civil,,Princ,4,#1f77b4,,#1f77b4,#1144a3,0
934,UN2002GenComCCPR30,UN,CCPR,2002,Institution,,GenCom,,#9467bd,,#1f77b4,#2a2a24,3
935,UN2002GenComCESCR15,UN,CESCR,2002,EcoSoc,,GenCom,5,#ff7f0e,,#1f77b4,#88540e,3
936,UN2002GenComCRC2,UN,CRC,2002,Discrimination,Children,GenCom,6,#d62728,,#1f77b4,#c332e9,3
937,UN2002GenRecCERD28,UN,CERD,2002,Discrimination,Race,GenRec,6,#d62728,,#1f77b4,#bcf8c3,3
938,UN2002GenRecCERD29,UN,CERD,2002,Discrimination,Race,GenRec,6,#d62728,,#1f77b4,#bcf8c3,3
939,UN2002HRC92,UN,HRC,2002,NonHR,,Res,,#c7c7c7,,#1f77b4,#7edff1,0
940,UN2002HRCres47,UN,HRC,2002,Civil,,Res,4,#1f77b4,,#1f77b4,#7edff1,0
941,UN2002IntPlanActAgeing,UN,WC,2002,General,Elderly,AP,,#2ca02c,,#1f77b4,#d62728,0
942,UN2002JohannPlanRes1,UN,UNGA,2002,NonHR,NonHR-SustDev,Res,,#c7c7c7,,#1f77b4,#1144a3,0
943,UN2002JohannPlanRes2,UN,COP,2002,NonHR,NonHR-Development,Res,,#c7c7c7,,#1f77b4,#109917,0
944,UN2002OHCHRRecPrincHRandTraffic,UN,OHCHR,2002,General,Traffick,Rec,,#2ca02c,,#1f77b4,,0
945,UN2002OPConvTorture,UN,UNGA,2002,Civil,PhysInt,OP,4,#1f77b4,,#1f77b4,#1144a3,0
946,UN2002Res56260,UN,UNGA,2002,NonHR,,Res,,#c7c7c7,,#1f77b4,#1144a3,0
947,UN2002Res56261,UN,UNGA,2002,Civil,,AP,4,#1f77b4,,#1f77b4,#1144a3,0
948,UN2002Res56266,UN,UNGA,2002,Discrimination,,Res,6,#d62728,,#1f77b4,#1144a3,0
949,UN2002Res5683,UN,UNGA,2002,NonHR,,Res,,#c7c7c7,,#1f77b4,#1144a3,0
950,UN2002Res57169,UN,UNGA,2002,NonHR,,Res,,#c7c7c7,,#1f77b4,#1144a3,0
951,UN2002Res57170,UN,UNGA,2002,Civil,,Res,4,#1f77b4,,#1f77b4,#1144a3,0
952,UN2002Res57171,UN,UNGA,2002,Civil,,Res,4,#1f77b4,,#1f77b4,#1144a3,0
953,UN2002Res57172,UN,UNGA,2002,Civil,,Res,4,#1f77b4,,#1f77b4,#1144a3,0
954,UN2002Res57189,UN,UNGA,2002,Discrimination,Children,Res,6,#d62728,,#1f77b4,#1144a3,0
955,UN2002Res57190,UN,UNGA,2002,Discrimination,Children,Res,6,#d62728,,#1f77b4,#1144a3,0
956,UN2002Res57244,UN,UNGA,2002,NonHR,,Res,,#c7c7c7,,#1f77b4,#1144a3,0
957,UN2002Res57270A,UN,UNGA,2002,EcoSoc,,Res,5,#ff7f0e,,#1f77b4,#1144a3,0
958,UN2002ResS272,UN,UNGA,2002,Discrimination,Children,Res,6,#d62728,,#1f77b4,#1144a3,0
959,UN2002SubCHRres20026,UN,SubCHR,2002,EcoSoc,Living,Res,5,#ff7f0e,,#1f77b4,,0
960,UN2003ConvCorrup,UN,UNGA,2003,NonHR,,Conv,,#c7c7c7,,#1f77b4,#1144a3,0
961,UN2003GenComCRC3,UN,CRC,2003,Discrimination,Children,GenCom,6,#d62728,,#1f77b4,#c332e9,3
962,UN2003GenComCRC4,UN,CRC,2003,Discrimination,Children,GenCom,6,#d62728,,#1f77b4,#c332e9,3
963,UN2003GenComCRC5,UN,CRC,2003,Discrimination,Children,GenCom,6,#d62728,,#1f77b4,#c332e9,3
964,UN2003HRCres43,UN,HRC,2003,NonHR,,Res,,#c7c7c7,,#1f77b4,#7edff1,0
965,UN2003HRCres71,UN,HRC,2003,Community,Enviro,Res,7,#8c564b,,#1f77b4,#7edff1,0
966,UN2003HRCres86,UN,HRC,2003,NonHR,,Res,,#c7c7c7,,#1f77b4,#7edff1,0
967,UN2003Res57270B,UN,UNGA,2003,EcoSoc,,Res,5,#ff7f0e,,#1f77b4,#1144a3,0
968,UN2003Res58137,UN,UNGA,2003,Political,Migrate,Res,3,#e377c2,,#1f77b4,#1144a3,0
969,UN2003Res58138,UN,UNGA,2003,Civil,,Res,4,#1f77b4,,#1f77b4,#1144a3,0
970,UN2003Res58139,UN,UNGA,2003,Civil,,Res,4,#1f77b4,,#1f77b4,#1144a3,0
971,UN2003Res58156,UN,UNGA,2003,Discrimination,Children,Res,6,#d62728,,#1f77b4,#1144a3,0
972,UN2003Res58157,UN,UNGA,2003,Discrimination,Children,Res,6,#d62728,,#1f77b4,#1144a3,0
973,UN2003Res58183,UN,UNGA,2003,Civil,,Res,4,#1f77b4,,#1f77b4,#1144a3,0
974,UN2003Res58217,UN,UNGA,2003,NonHR,NonHR-Institutions,Res,,#c7c7c7,,#1f77b4,#1144a3,0
975,UN2003Res584,UN,UNGA,2003,NonHR,,Res,,#c7c7c7,,#1f77b4,#1144a3,0
976,UN2003StatemCommUndDev,UN,UNSDG,2003,Community,Develop,,7,#8c564b,,#1f77b4,,0
977,UN2003ViennaDecJudges,UN,COP,2003,Civil,JustSys,Decl,4,#1f77b4,,#1f77b4,#109917,0
978,UN2004GenComCCPR31,UN,CCPR,2004,Political,,GenCom,3,#e377c2,,#1f77b4,#2a2a24,3
979,UN2004GenRecCEDAW25,UN,CEDAW,2004,Discrimination,Women,GenRec,6,#d62728,,#1f77b4,#94290f,3
980,UN2004HRCres17,UN,HRC,2004,Community,Enviro,Res,7,#8c564b,,#1f77b4,#7edff1,0
981,UN2004HRCres200443,UN,HRC,2004,Civil,,Res,4,#1f77b4,,#1f77b4,#7edff1,0
982,UN2004HRCres200448,UN,HRC,2004,NonHR,,Res,,#c7c7c7,,#1f77b4,#7edff1,0
983,UN2004Res59151,UN,UNGA,2004,Civil,,Res,4,#1f77b4,,#1f77b4,#1144a3,0
984,UN2004Res59158,UN,UNGA,2004,Civil,,Res,4,#1f77b4,,#1f77b4,#1144a3,0
985,UN2004Res59159,UN,UNGA,2004,Civil,,Res,4,#1f77b4,,#1f77b4,#1144a3,0
986,UN2004Res59166,UN,UNGA,2004,Civil,Traffick,Res,4,#1f77b4,,#1f77b4,#1144a3,0
987,UN2004Res59174,UN,UNGA,2004,Discrimination,Indig,Res,6,#d62728,,#1f77b4,#1144a3,0
988,UN2004Res59228,UN,UNGA,2004,EcoSoc,,Res,5,#ff7f0e,,#1f77b4,#1144a3,0
989,UN2004Res59261,UN,UNGA,2004,Discrimination,Children,Res,6,#d62728,,#1f77b4,#1144a3,0
990,UN2004Res5935,UN,UNGA,2004,NonHR,,Res,,#c7c7c7,,#1f77b4,#1144a3,0
991,UN2005BasPrincGuideVictimViol,UN,UNGA,2005,Civil,JustSys,Princ,4,#1f77b4,,#1f77b4,#1144a3,0
992,UN2005CSWRes497,UN,CSW,2005,Discrimination,Indig,Res,6,#d62728,,#1f77b4,,0
993,UN2005GenComCESCR16,UN,CESCR,2005,EcoSoc,Women,GenCom,5,#ff7f0e,,#1f77b4,#88540e,3
994,UN2005GenComCESCR17,UN,CESCR,2005,EcoSoc,,GenCom,5,#ff7f0e,,#1f77b4,#88540e,3
995,UN2005GenComCESCR18,UN,CESCR,2005,EcoSoc,,GenCom,5,#ff7f0e,,#1f77b4,#88540e,3
996,UN2005GenComCRC6,UN,CRC,2005,Discrimination,Children,GenCom,6,#d62728,,#1f77b4,#c332e9,3
997,UN2005GenComCRC7,UN,CRC,2005,Discrimination,Children,GenCom,6,#d62728,,#1f77b4,#c332e9,3
998,UN2005GenRecCERD30,UN,CERD,2005,Political,Race,GenRec,3,#e377c2,,#1f77b4,#bcf8c3,3
999,UN2005GenRecCERD31,UN,CERD,2005,Civil,Race,GenRec,4,#1f77b4,,#1f77b4,#bcf8c3,3
1000,UN2005HRCres15,UN,HRC,2005,Community,Enviro,Res,7,#8c564b,,#1f77b4,#7edff1,0
1001,UN2005HRCres200541,UN,HRC,2005,Discrimination,Women,Res,6,#d62728,,#1f77b4,#7edff1,0
1002,UN2005HRCres200544,UN,HRC,2005,Discrimination,Children,Res,6,#d62728,,#1f77b4,#7edff1,0
1003,UN2005HRCres60,UN,HRC,2005,Community,Enviro,Res,7,#8c564b,,#1f77b4,#7edff1,0
1004,UN2005Res60141,UN,UNGA,2005,Discrimination,Children,Res,6,#d62728,,#1f77b4,#1144a3,0
1005,UN2005Res60147,UN,UNGA,2005,General,,Res,,#2ca02c,,#1f77b4,#1144a3,0
1006,UN2005Res60159,UN,UNGA,2005,Civil,,Res,4,#1f77b4,,#1f77b4,#1144a3,0
1007,UN2005Res60175,UN,UNGA,2005,Civil,,Res,4,#1f77b4,,#1f77b4,#1144a3,0
1008,UN2005Res60176,UN,UNGA,2005,Civil,,Res,4,#1f77b4,,#1f77b4,#1144a3,0
1009,UN2005Res60177,UN,UNGA,2005,Civil,,Res,4,#1f77b4,,#1f77b4,#1144a3,0
1010,UN2005WorldSumOut,UN,UNGA,2005,NonHR,,Res,,#c7c7c7,,#1f77b4,#1144a3,0
1011,UN2006ConvEnforcDisap,UN,UNGA,2006,Civil,ForceDis,Conv,4,#1f77b4,,#1f77b4,#1144a3,0
1012,UN2006Disab,UN,UNGA,2006,Discrimination,Disab,Conv,6,#d62728,,#1f77b4,#1144a3,0
1013,UN2006DisabOP1,UN,UNGA,2006,Discrimination,Disab,OP,6,#d62728,,#1f77b4,#1144a3,0
1014,UN2006GenComCRC8,UN,CRC,2006,Discrimination,Children,GenCom,6,#d62728,,#1f77b4,#c332e9,3
1015,UN2006GenComCRC9,UN,CRC,2006,Discrimination,Children,GenCom,6,#d62728,,#1f77b4,#c332e9,3
1016,UN2006HRCdec2104,UN,HRC,2006,EcoSoc,,Dec,5,#ff7f0e,,#1f77b4,#7edff1,0
1017,UN2006Res60231,UN,UNGA,2006,Discrimination,Children,Res,6,#d62728,,#1f77b4,#1144a3,0
1018,UN2006Res60251,UN,UNGA,2006,Institution,Institution,Res,,#9467bd,,#1f77b4,#1144a3,0
1019,UN2006Res61143,UN,UNGA,2006,Discrimination,Women,Res,6,#d62728,,#1f77b4,#1144a3,0
1020,UN2006Res61146,UN,UNGA,2006,Discrimination,Children,Res,6,#d62728,,#1f77b4,#1144a3,0
1021,UN2006Res61180,UN,UNGA,2006,Civil,Traffick,Res,4,#1f77b4,,#1f77b4,#1144a3,0
1022,UN2006Res61181,UN,UNGA,2006,NonHR,,Res,,#c7c7c7,,#1f77b4,#1144a3,0
1023,UN2006Res61182,UN,UNGA,2006,Civil,,Res,4,#1f77b4,,#1f77b4,#1144a3,0
1024,UN2006Res61185,UN,UNGA,2006,NonHR,NonHR-Institutions,Res,,#c7c7c7,,#1f77b4,#1144a3,0
1025,UN2006Res61192,UN,UNGA,2006,NonHR,NonHR-Institutions,Res,,#c7c7c7,,#1f77b4,#1144a3,0
1026,UN2006Res61209,UN,UNGA,2006,NonHR,,Res,,#c7c7c7,,#1f77b4,#1144a3,0
1027,UN2006Res61252,UN,UNGA,2006,NonHR,,Res,,#c7c7c7,,#1f77b4,#1144a3,0
1028,UN2007DecIndigenous,UN,UNGA,2007,Community,Minority,Decl,7,#8c564b,,#1f77b4,#1144a3,0
1029,UN2007GenComCAT2,UN,CAT,2007,Civil,PhysInt,GenCom,4,#1f77b4,,#1f77b4,#5b0e87,3
1030,UN2007GenComCCPR32,UN,CCPR,2007,Civil,,GenCom,4,#1f77b4,,#1f77b4,#2a2a24,3
1031,UN2007GenComCESCR19,UN,CESCR,2007,EcoSoc,SocSec,GenCom,5,#ff7f0e,,#1f77b4,#88540e,3
1032,UN2007GenComCRC10,UN,CRC,2007,Discrimination,Children,GenCom,6,#d62728,,#1f77b4,#c332e9,3
1033,UN2007HRCouncRes51,UN,HRC,2007,Institution,,Res,,#9467bd,,#1f77b4,#7edff1,0
1034,UN2007HRCres52,UN,HRC,2007,NonHR,,Res,,#c7c7c7,,#1f77b4,#7edff1,0
1035,UN2007HRCres68,UN,HRC,2007,EcoSoc,,Res,5,#ff7f0e,,#1f77b4,#7edff1,0
1036,UN2007Res62140,UN,UNGA,2007,Discrimination,Children,Res,6,#d62728,,#1f77b4,#1144a3,0
1037,UN2007Res62141,UN,UNGA,2007,Discrimination,Children,Res,6,#d62728,,#1f77b4,#1144a3,0
1038,UN2007Res62149,UN,UNGA,2007,Civil,JustSys,Res,4,#1f77b4,,#1f77b4,#1144a3,0
1039,UN2007Res62158,UN,UNGA,2007,Civil,,Res,4,#1f77b4,,#1f77b4,#1144a3,0
1040,UN2007Res62172,UN,UNGA,2007,NonHR,,Res,,#c7c7c7,,#1f77b4,#1144a3,0
1041,UN2007Res62173,UN,UNGA,2007,Civil,,Res,4,#1f77b4,,#1f77b4,#1144a3,0
1042,UN2007Res62174,UN,UNGA,2007,Civil,,Res,4,#1f77b4,,#1f77b4,#1144a3,0
1043,UN2007Res62175,UN,UNGA,2007,Civil,,Res,4,#1f77b4,,#1f77b4,#1144a3,0
1044,UN2007Res62202,UN,UNGA,2007,NonHR,,Res,,#c7c7c7,,#1f77b4,#1144a3,0
1045,UN2007Res6261,UN,UNGA,2007,NonHR,,Res,,#c7c7c7,,#1f77b4,#1144a3,0
1046,UN2007Res6288,UN,UNGA,2007,Discrimination,Children,Res,6,#d62728,,#1f77b4,#1144a3,0
1047,UN2008GenComCCPR33,UN,CCPR,2008,Institution,,GenCom,,#9467bd,,#1f77b4,#2a2a24,3
1048,UN2008GenRecCEDAW26,UN,CEDAW,2008,Discrimination,Migrate,GenRec,6,#d62728,,#1f77b4,#94290f,3
1049,UN2008HRCouncRes729,UN,HRC,2008,Discrimination,Children,Res,6,#d62728,,#1f77b4,#7edff1,0
1050,UN2008HRCres722,UN,HRC,2008,EcoSoc,Living,Res,5,#ff7f0e,,#1f77b4,#7edff1,0
1051,UN2008HRCres723,UN,HRC,2008,Community,Enviro,Res,7,#8c564b,,#1f77b4,#7edff1,0
1052,UN2008HRCres91,UN,HRC,2008,Community,Enviro,Res,7,#8c564b,,#1f77b4,#7edff1,0
1053,UN2008OPConvEcoSocCul,UN,UNGA,2008,EcoSoc,EcoSoc,OP,5,#ff7f0e,,#1f77b4,#1144a3,0
1054,UN2008Res63168,UN,UNGA,2008,Civil,JustSys,Res,4,#1f77b4,,#1f77b4,#1144a3,0
1055,UN2008Res63169,UN,UNGA,2008,Political,,Res,3,#e377c2,,#1f77b4,#1144a3,0
1056,UN2008Res63193,UN,UNGA,2008,Civil,,Res,4,#1f77b4,,#1f77b4,#1144a3,0
1057,UN2008Res63194,UN,UNGA,2008,Civil,Traffick,Res,4,#1f77b4,,#1f77b4,#1144a3,0
1058,UN2008Res63195,UN,UNGA,2008,Civil,,Res,4,#1f77b4,,#1f77b4,#1144a3,0
1059,UN2008Res63196,UN,UNGA,2008,Civil,,Res,4,#1f77b4,,#1f77b4,#1144a3,0
1060,UN2008Res63226,UN,UNGA,2008,NonHR,,Res,,#c7c7c7,,#1f77b4,#1144a3,0
1061,UN2008Res63241,UN,UNGA,2008,Discrimination,Children,Res,6,#d62728,,#1f77b4,#1144a3,0
1062,UN2009GenComCESCR20,UN,CESCR,2009,EcoSoc,Discrimination,GenCom,5,#ff7f0e,,#1f77b4,#88540e,3
1063,UN2009GenComCESCR21,UN,CESCR,2009,EcoSoc,Culture,GenCom,5,#ff7f0e,,#1f77b4,#88540e,3
1064,UN2009GenComCRC11,UN,CRC,2009,Discrimination,Indig,GenCom,6,#d62728,,#1f77b4,#88540e,3
1065,UN2009GenComCRC12,UN,CRC,2009,Discrimination,Children,GenCom,6,#d62728,,#1f77b4,#c332e9,3
1066,UN2009GenRecCERD32,UN,CERD,2009,Discrimination,Race,GenRec,6,#d62728,,#1f77b4,#bcf8c3,3
1067,UN2009GenRecCERD33,UN,CERD,2009,Discrimination,Race,GenRec,6,#d62728,,#1f77b4,#bcf8c3,3
1068,UN2009HRCouncRes102,UN,HRC,2009,Civil,,Res,4,#1f77b4,,#1f77b4,#7edff1,0
1069,UN2009HRCres104,UN,HRC,2009,Community,Enviro,Res,7,#8c564b,,#1f77b4,#7edff1,0
1070,UN2009HRCres1218,UN,HRC,2009,Community,Enviro,Res,7,#8c564b,,#1f77b4,#7edff1,0
1071,UN2009HRCres128,UN,HRC,2009,EcoSoc,,Res,5,#ff7f0e,,#1f77b4,#7edff1,0
1072,UN2009Res64142,UN,UNGA,2009,General,Children,Res,,#2ca02c,,#1f77b4,#1144a3,0
1073,UN2009Res64179,UN,UNGA,2009,NonHR,NonHR-Crime,Res,,#c7c7c7,,#1f77b4,#1144a3,0
1074,UN2009Res64180,UN,UNGA,2009,NonHR,NonHR-Crime,Res,,#c7c7c7,,#1f77b4,#1144a3,0
1075,UN2009Res64181,UN,UNGA,2009,Civil,,Res,4,#1f77b4,,#1f77b4,#1144a3,0
1076,UN2009Res64198,UN,UNGA,2009,EcoSoc,,Res,5,#ff7f0e,,#1f77b4,#1144a3,0
1077,UN2009Res64236,UN,UNGA,2009,NonHR,,Res,,#c7c7c7,,#1f77b4,#1144a3,0
1078,UN2010CBDNagoyaProt,UN,CBD,2010,NonHR,,Prot,,#c7c7c7,6,#873b52,,0
1079,UN2010GenRecCEDAW27,UN,CEDAW,2010,Discrimination,Elderly,GenRec,6,#d62728,,#1f77b4,#94290f,3
1080,UN2010GenRecCEDAW28,UN,CEDAW,2010,Discrimination,Women,GenRec,6,#d62728,,#1f77b4,#94290f,3
1081,UN2010HRCres1522,UN,HRC,2010,EcoSoc,Living,Res,5,#ff7f0e,,#1f77b4,#7edff1,0
1082,UN2010HRCres159,UN,HRC,2010,EcoSoc,,Res,5,#ff7f0e,,#1f77b4,#7edff1,0
1083,UN2010Res64292,UN,UNGA,2010,EcoSoc,Living,Res,5,#ff7f0e,,#1f77b4,#1144a3,0
1084,UN2010Res64293,UN,UNGA,2010,Civil,Traffick,Res,4,#1f77b4,,#1f77b4,#1144a3,0
1085,UN2010Res651,UN,UNGA,2010,NonHR,NonHR-SustDev,Res,,#c7c7c7,,#1f77b4,#1144a3,0
1086,UN2010Res65153,UN,UNGA,2010,NonHR,NonHR-Institutions,Res,,#c7c7c7,,#1f77b4,#1144a3,0
1087,UN2010Res65154,UN,UNGA,2010,NonHR,NonHR-Institutions,Res,,#c7c7c7,,#1f77b4,#1144a3,0
1088,UN2010Res6519,UN,UNGA,2010,NonHR,,Res,,#c7c7c7,,#1f77b4,#1144a3,0
1089,UN2010Res65206,UN,UNGA,2010,Civil,JustSys,Res,4,#1f77b4,,#1f77b4,#1144a3,0
1090,UN2010Res65213,UN,UNGA,2010,Civil,,Res,4,#1f77b4,,#1f77b4,#1144a3,0
1091,UN2010Res65231,UN,UNGA,2010,NonHR,NonHR-Crime,Res,,#c7c7c7,,#1f77b4,#1144a3,0
1092,UN2010RuleWomenPrison,UN,UNGA,2010,Civil,,Guide,4,#1f77b4,,#1f77b4,#1144a3,0
1093,UN2010SalvadorDec,UN,UNGA,2010,Civil,JustSys,Decl,4,#1f77b4,,#1f77b4,#1144a3,0
1094,UN2010SalvadorDecRes65230,UN,UNGA,2010,Civil,JustSys,Res,4,#1f77b4,,#1f77b4,#1144a3,0
1095,UN2011CRCOPCommProc,UN,UNGA,2011,Institution,Children,OP,,#9467bd,,#1f77b4,#1144a3,0
1096,UN2011DeclHREdu,UN,UNGA,2011,EcoSoc,Edu,Decl,5,#ff7f0e,,#1f77b4,#1144a3,0
1097,UN2011GenComCCPR34,UN,CCPR,2011,Political,,GenCom,3,#e377c2,,#1f77b4,#2a2a24,3
1098,UN2011GenComCMW1,UN,CMW,2011,EcoSoc,Migrate,GenCom,5,#ff7f0e,,#1f77b4,#6f700f,3
1099,UN2011GenComCRC13,UN,CRC,2011,Discrimination,Children,GenCom,6,#d62728,,#1f77b4,#c332e9,3
1100,UN2011GenRecCERD34,UN,CERD,2011,Discrimination,Race,GenRec,6,#d62728,,#1f77b4,#bcf8c3,3
1101,UN2011GuidPrincBiz,UN,HRC,2011,EcoSoc,Biz,Guide,5,#ff7f0e,,#1f77b4,#7edff1,0
1102,UN2011HRCounRes1812,UN,HRC,2011,Civil,,Res,4,#1f77b4,,#1f77b4,#7edff1,0
1103,UN2011HRCres1611,UN,HRC,2011,Community,Enviro,Res,7,#8c564b,,#1f77b4,#7edff1,0
1104,UN2011HRCres162,UN,HRC,2011,EcoSoc,,Res,5,#ff7f0e,,#1f77b4,#7edff1,0
1105,UN2011HRCres1621,UN,HRC,2011,NonHR,,Res,,#c7c7c7,,#1f77b4,#7edff1,0
1106,UN2011HRCres174,UN,HRC,2011,EcoSoc,Biz,Res,5,#ff7f0e,,#1f77b4,#7edff1,0
1107,UN2011HRCres181,UN,HRC,2011,EcoSoc,Living,Res,5,#ff7f0e,,#1f77b4,#7edff1,0
1108,UN2011HRCres1811,UN,HRC,2011,Community,Enviro,Res,7,#8c564b,,#1f77b4,#7edff1,0
1109,UN2011HRCres1822,UN,HRC,2011,Community,Enviro,Res,7,#8c564b,,#1f77b4,#7edff1,0
1110,UN2011HRCres65281,UN,HRC,2011,NonHR,,Res,,#c7c7c7,,#1f77b4,#7edff1,0
1111,UN2011Res66179,UN,UNGA,2011,Civil,,Res,4,#1f77b4,,#1f77b4,#1144a3,0
1112,UN2012CSWRes562,UN,CSW,2012,Discrimination,Women,Res,6,#d62728,,#1f77b4,,0
1113,UN2012CSWRes564,UN,CSW,2012,Discrimination,Women,Res,6,#d62728,,#1f77b4,,0
1114,UN2012GenComCAT3,UN,CAT,2012,Civil,PhysInt,GenCom,4,#1f77b4,,#1f77b4,#5b0e87,3
1115,UN2012HRCRabatAction,UN,HRC,2012,Political,,AP,3,#e377c2,,#1f77b4,,0
1116,UN2012HRCres1910,UN,HRC,2012,Community,Enviro,Res,7,#8c564b,,#1f77b4,#7edff1,0
1117,UN2012HRCres195,UN,HRC,2012,EcoSoc,,Res,5,#ff7f0e,,#1f77b4,#7edff1,0
1118,UN2012HRCres2111,UN,HRC,2012,EcoSoc,,Res,5,#ff7f0e,,#1f77b4,#7edff1,0
1119,UN2012HRCres2117,UN,HRC,2012,Community,Enviro,Res,7,#8c564b,,#1f77b4,#7edff1,0
1120,UN2012HRCres212,UN,HRC,2012,EcoSoc,Living,Res,5,#ff7f0e,,#1f77b4,#7edff1,0
1121,UN2012PrincGuidAccesRes67187,UN,UNGA,2012,Civil,,Princ,4,#1f77b4,,#1f77b4,#1144a3,0
1122,UN2012Res66288,UN,UNGA,2012,NonHR,,Res,,#c7c7c7,,#1f77b4,#1144a3,0
1123,UN2012Res671,UN,UNGA,2012,Civil,,Res,4,#1f77b4,,#1f77b4,#1144a3,0
1124,UN2012Res67166,UN,UNGA,2012,Civil,,Res,4,#1f77b4,,#1f77b4,#1144a3,0
1125,UN2012Res67176,UN,UNGA,2012,Civil,JustSys,Res,4,#1f77b4,,#1f77b4,#1144a3,0
1126,UN2012Res67184,UN,UNGA,2012,Civil,,Res,4,#1f77b4,,#1f77b4,#1144a3,0
1127,UN2012Res67188,UN,UNGA,2012,Civil,,Res,4,#1f77b4,,#1f77b4,#1144a3,0
1128,UN2012Res67218,UN,UNGA,2012,NonHR,,Res,,#c7c7c7,,#1f77b4,#1144a3,0
1129,UN2013ArmsTradeTreaty,UN,COP,2013,NonHR,,Conv,,#c7c7c7,,#1f77b4,,0
1130,UN2013GenComCMW2,UN,CMW,2013,EcoSoc,Migrate,GenCom,5,#ff7f0e,,#1f77b4,#6f700f,3
1131,UN2013GenComCRC14,UN,CRC,2013,Discrimination,Children,GenCom,6,#d62728,,#1f77b4,#c332e9,3
1132,UN2013GenComCRC15,UN,CRC,2013,EcoSoc,Children,GenCom,5,#ff7f0e,,#1f77b4,#c332e9,3
1133,UN2013GenComCRC16,UN,CRC,2013,EcoSoc,Children,GenCom,5,#ff7f0e,,#1f77b4,#c332e9,3
1134,UN2013GenComCRC17,UN,CRC,2013,Civil,Children,GenCom,4,#1f77b4,,#1f77b4,#c332e9,3
1135,UN2013GenRecCEDAW29,UN,CEDAW,2013,EcoSoc,Women,GenRec,5,#ff7f0e,,#1f77b4,#94290f,3
1136,UN2013GenRecCEDAW30,UN,CEDAW,2013,Civil,Women,GenRec,4,#1f77b4,,#1f77b4,#94290f,3
1137,UN2013GenRecCERD35,UN,CERD,2013,Discrimination,Race,GenRec,6,#d62728,,#1f77b4,#bcf8c3,3
1138,UN2013HRCouncRes2412,UN,HRC,2013,Civil,,Res,4,#1f77b4,,#1f77b4,#7edff1,0
1139,UN2013HRCres225,UN,HRC,2013,EcoSoc,,Res,5,#ff7f0e,,#1f77b4,#7edff1,0
1140,UN2013HRCres239,UN,HRC,2013,EcoSoc,,Res,5,#ff7f0e,,#1f77b4,#7edff1,0
1141,UN2013HRCres2418,UN,HRC,2013,EcoSoc,Living,Res,5,#ff7f0e,,#1f77b4,#7edff1,0
1142,UN2013Res67291,UN,UNGA,2013,EcoSoc,Living,Res,5,#ff7f0e,,#1f77b4,#1144a3,0
1143,UN2013Res68104,UN,UNGA,2013,NonHR,,Res,,#c7c7c7,,#1f77b4,#1144a3,0
1144,UN2013Res68156,UN,UNGA,2013,Civil,,Res,4,#1f77b4,,#1f77b4,#1144a3,0
1145,UN2013Res68157,UN,UNGA,2013,EcoSoc,Living,Res,5,#ff7f0e,,#1f77b4,#1144a3,0
1146,UN2013Res68181,UN,UNGA,2013,General,Women,Res,,#2ca02c,,#1f77b4,#1144a3,0
1147,UN2013Res68190,UN,UNGA,2013,Civil,,Res,4,#1f77b4,,#1f77b4,#1144a3,0
1148,UN2013Res686,UN,UNGA,2013,NonHR,NonHR-SustDev,Res,,#c7c7c7,,#1f77b4,#1144a3,0
1149,UN2014CSWRes582,UN,CSW,2014,Discrimination,Women,Res,6,#d62728,,#1f77b4,,0
1150,UN2014GenComCCPR35,UN,CCPR,2014,Civil,PhysInt,GenCom,4,#1f77b4,,#1f77b4,#2a2a24,3
1151,UN2014GenComCRC18CEDAW31,UN,CEDAW,2014,Discrimination,,GenCom,6,#d62728,,#1f77b4,#94290f,3
1152,UN2014GenComCRPD1,UN,CRPD,2014,Discrimination,Disab,GenCom,6,#d62728,,#1f77b4,#f7c1e7,3
1153,UN2014GenComCRPD2,UN,CRPD,2014,Discrimination,Disab,GenCom,6,#d62728,,#1f77b4,#f7c1e7,3
1154,UN2014GenRecCEDAW32,UN,CEDAW,2014,Political,Women,GenRec,3,#e377c2,,#1f77b4,#94290f,3
1155,UN2014HRCRes256,UN,HRC,2014,Civil,Children,Res,4,#1f77b4,,#1f77b4,#7edff1,0
1156,UN2014HRCRes2627,UN,HRC,2014,Community,Enviro,Res,7,#8c564b,,#1f77b4,#7edff1,0
1157,UN2014HRCres2511,UN,HRC,2014,EcoSoc,,Res,5,#ff7f0e,,#1f77b4,#7edff1,0
1158,UN2014HRCres2521,UN,HRC,2014,Community,Enviro,Res,7,#8c564b,,#1f77b4,#7edff1,0
1159,UN2014HRCres2622,UN,HRC,2014,EcoSoc,Biz,Res,5,#ff7f0e,,#1f77b4,#7edff1,0
1160,UN2014HRCres2723,UN,HRC,2014,Community,Enviro,Res,7,#8c564b,,#1f77b4,#7edff1,0
1161,UN2014HRCres277,UN,HRC,2014,EcoSoc,Living,Res,5,#ff7f0e,,#1f77b4,#7edff1,0
1162,UN2014Res69157,UN,UNGA,2014,General,Children,Res,,#2ca02c,,#1f77b4,#1144a3,0
1163,UN2014Res69172,UN,UNGA,2014,Civil,JustSys,Res,4,#1f77b4,,#1f77b4,#1144a3,0
1164,UN2014Res69186,UN,UNGA,2014,Civil,JustSys,Res,4,#1f77b4,,#1f77b4,#1144a3,0
1165,UN2014Res69192,UN,UNGA,2014,Civil,,Res,4,#1f77b4,,#1f77b4,#1144a3,0
1166,UN2015GenRecCEDAW33,UN,CEDAW,2015,Civil,Women,GenRec,4,#1f77b4,,#1f77b4,#94290f,3
1167,UN2015HRCRes2915,UN,HRC,2015,Community,Enviro,Res,7,#8c564b,,#1f77b4,#7edff1,0
1168,UN2015HRCres2811,UN,HRC,2015,Community,Enviro,Res,7,#8c564b,,#1f77b4,#7edff1,0
1169,UN2015HRCres2819,UN,HRC,2015,General,Children,Res,,#2ca02c,,#1f77b4,#7edff1,0
1170,UN2015Res69313AdAbActAg,UN,UNGA,2015,NonHR,NonHR-SustDev,Res,7,#8c564b,,#1f77b4,#1144a3,0
1171,UN2015Res701,UN,UNGA,2015,NonHR,,Res,,#c7c7c7,,#1f77b4,#1144a3,0
1172,UN2015Res70169,UN,UNGA,2015,EcoSoc,Living,Res,5,#ff7f0e,,#1f77b4,#1144a3,0
1173,UN2015StandMinRulePrison,UN,UNGA,2015,Civil,JustSys,Guide,4,#1f77b4,,#1f77b4,#1144a3,0
1174,UN2016GenComCESCR22,UN,CESCR,2016,EcoSoc,Living,GenCom,5,#ff7f0e,,#1f77b4,#88540e,3
1175,UN2016GenComCESCR23,UN,CESCR,2016,EcoSoc,,GenCom,5,#ff7f0e,,#1f77b4,#88540e,3
1176,UN2016GenComCRC19,UN,CRC,2016,Discrimination,Children,GenCom,6,#d62728,,#1f77b4,#c332e9,3
1177,UN2016GenComCRC20,UN,CRC,2016,Discrimination,Children,GenCom,6,#d62728,,#1f77b4,#c332e9,3
1178,UN2016GenComCRPD3,UN,CRPD,2016,Discrimination,Women,GenCom,6,#d62728,,#1f77b4,#f7c1e7,3
1179,UN2016GenComCRPD4,UN,CRPD,2016,EcoSoc,Disab,GenCom,5,#ff7f0e,,#1f77b4,#f7c1e7,3
1180,UN2016GenRecCEDAW34,UN,CEDAW,2016,Discrimination,Women,GenRec,6,#d62728,,#1f77b4,#94290f,3
1181,UN2016HRCres3132,UN,HRC,2016,EcoSoc,,Res,5,#ff7f0e,,#1f77b4,#7edff1,0
1182,UN2016HRCres318,UN,HRC,2016,Community,Enviro,Res,7,#8c564b,,#1f77b4,#7edff1,0
1183,UN2016HRCres3210,UN,HRC,2016,EcoSoc,Biz,Res,5,#ff7f0e,,#1f77b4,#7edff1,0
1184,UN2016HRCres3219,UN,HRC,2016,Discrimination,Women,Res,6,#d62728,,#1f77b4,#7edff1,0
1185,UN2016HabitatIII,UN,COP,2016,EcoSoc,,Decl,5,#ff7f0e,,#1f77b4,,0
1186,UN2016Res711,UN,UNGA,2016,Political,Refugee,Res,3,#e377c2,,#1f77b4,#1144a3,0
1187,UN2016Res71187,UN,UNGA,2016,Civil,JustSys,Res,4,#1f77b4,,#1f77b4,#1144a3,0
1188,UN2017GenComCAT4,UN,CAT,2017,Civil,PhysInt,GenCom,4,#1f77b4,,#1f77b4,#5b0e87,3
1189,UN2017GenComCESCR24,UN,CESCR,2017,EcoSoc,,GenCom,5,#ff7f0e,,#1f77b4,#88540e,3
1190,UN2017GenComCRC21,UN,CRC,2017,EcoSoc,Children,GenCom,5,#ff7f0e,,#1f77b4,#c332e9,3
1191,UN2017GenComCRC22CMW3,UN,CMW,2017,Discrimination,,GenCom,6,#d62728,,#1f77b4,#6f700f,3
1192,UN2017GenComCRC23CMW4,UN,CMW,2017,Discrimination,,GenCom,6,#d62728,,#1f77b4,#6f700f,3
1193,UN2017GenComCRPD5,UN,CRPD,2017,EcoSoc,Disab,GenCom,5,#ff7f0e,,#1f77b4,#f7c1e7,3
1194,UN2017GenRecCEDAW35,UN,CEDAW,2017,Discrimination,Women,GenRec,6,#d62728,,#1f77b4,#94290f,3
1195,UN2017GenRecCEDAW36,UN,CEDAW,2017,EcoSoc,Women,GenRec,5,#ff7f0e,,#1f77b4,#94290f,3
1196,UN2017HRCres3420,UN,HRC,2017,Community,Enviro,Res,7,#8c564b,,#1f77b4,#7edff1,0
1197,UN2017HRCres3615,UN,HRC,2017,Community,Enviro,Res,7,#8c564b,,#1f77b4,#7edff1,0
1198,UN2018DeclRightPeasant,UN,UNGA,2018,EcoSoc,,Decl,5,#ff7f0e,,#1f77b4,#1144a3,0
1199,UN2018GenComCCPR36,UN,CCPR,2018,Civil,PhysInt,GenCom,4,#1f77b4,,#1f77b4,#2a2a24,3
1200,UN2018GenComCRPD6,UN,CRPD,2018,Discrimination,Disab,GenCom,6,#d62728,,#1f77b4,#f7c1e7,3
1201,UN2018GenComCRPD7,UN,CRPD,2018,Discrimination,Disab,GenCom,6,#d62728,,#1f77b4,#f7c1e7,3
1202,UN2018GenRecCEDAW37,UN,CEDAW,2018,Discrimination,Enviro,GenRec,6,#d62728,,#1f77b4,#94290f,3
1203,UN2018GlobalCompRefug,UN,UNGA,2018,Political,Refugee,,3,#e377c2,,#1f77b4,#1144a3,0
1204,UN2018HRCres378,UN,HRC,2018,Community,Enviro,Res,7,#8c564b,,#1f77b4,#7edff1,0
1205,UN2018HRCres3811,UN,HRC,2018,Political,Assembly,Res,3,#e377c2,,#1f77b4,#7edff1,0
1206,UN2018Res73195,UN,UNGA,2018,Political,Refugee,Res,3,#e377c2,,#1f77b4,#1144a3,0
1207,UN2018SCRes2427,UN,UNSC,2018,Discrimination,Children,Res,6,#d62728,,#1f77b4,#f7afdb,0
1208,UN2019GenComCRC18CEDAW31Rev,UN,CEDAW,2019,Discrimination,,GenCom,6,#d62728,,#1f77b4,#94290f,3
1209,UN2019GenComCRC24,UN,CRC,2019,Civil,Children,GenCom,4,#1f77b4,,#1f77b4,#c332e9,3
1210,UN2019HRCres4221,UN,HRC,2019,Community,Enviro,Res,7,#8c564b,,#1f77b4,#7edff1,0
1211,UN2019Res74148,UN,UNGA,2019,Political,Refugee,Res,3,#e377c2,,#1f77b4,#1144a3,0
1212,UN2020GenComCCPR37,UN,CCPR,2020,Political,,GenCom,3,#e377c2,,#1f77b4,#2a2a24,3
1213,UN2020GenComCESCR25,UN,CESCR,2020,EcoSoc,Develop,GenCom,5,#ff7f0e,,#1f77b4,#88540e,3
1214,UN2020GenRecCEDAW38,UN,CEDAW,2020,Political,Discrimination,GenRec,3,#e377c2,,#1f77b4,#94290f,3
1215,UN2020GenRecCERD36,UN,CERD,2020,Discrimination,Race,GenRec,6,#d62728,,#1f77b4,#bcf8c3,3
1216,UN2020HRCres447,UN,HRC,2020,Community,Enviro,Res,7,#8c564b,,#1f77b4,#7edff1,0
1217,UN2020HRCres4517,UN,HRC,2020,Community,Enviro,Res,7,#8c564b,,#1f77b4,#7edff1,0
1218,UN2020HRCres4530,UN,HRC,2020,Community,Enviro,Res,7,#8c564b,,#1f77b4,#7edff1,0
1219,UN2020LessLethalLawEnforc,UN,OHCHR,2020,Civil,JustSys,Guide,4,#1f77b4,,#1f77b4,,0
1220,UN2021GenComCMW5,UN,CMW,2021,Discrimination,Labor,GenCom,6,#d62728,,#1f77b4,,3
1221,UN2021GenComCRC25,UN,CRC,2021,Discrimination,Children,GenCom,6,#d62728,,#1f77b4,#c332e9,3
1222,UN2021HRCres467,UN,HRC,2021,Community,Enviro,Res,7,#8c564b,,#1f77b4,#7edff1,0
1223,UN2021HRCres4813,UN,HRC,2021,Community,Enviro,Res,7,#8c564b,,#1f77b4,#7edff1,0
1224,UN2022GenComCESCR26,UN,CESCR,2022,EcoSoc,,GenCom,5,#ff7f0e,,#1f77b4,#88540e,3
1225,UN2022GenComCRPD8,UN,CRPD,2022,Discrimination,Labor,GenCom,6,#d62728,,#1f77b4,#f7c1e7,3
1226,UN2022GenRecCEDAW39,UN,CEDAW,2022,Discrimination,Indig,GenRec,6,#d62728,,#1f77b4,#94290f,3
1227,UN2022Res76300,UN,UNGA,2022,Community,Enviro,Res,7,#8c564b,,#1f77b4,#1144a3,0
1228,UN2023GenComCED1,UN,CED,2023,Civil,Migrate,GenCom,4,#1f77b4,,#1f77b4,#f8ff44,3
1229,UN2023GenComCRC26,UN,CRC,2023,Discrimination,Enviro,GenCom,6,#d62728,,#1f77b4,#c332e9,3
1230,UNCCD1994,UNCCD,COP,1994,NonHR,,Conv,,#c7c7c7,5,#1b120c,,0
1231,UNESCO1945Const,UNESCO,COP,1945,General,,Const,,#2ca02c,5,#85ca84,,0
1232,UNESCO1960DiscEduConv,UNESCO,GC,1960,EcoSoc,Edu,Conv,5,#ff7f0e,5,#85ca84,,0
1233,UNESCO1966PrincCultCoop,UNESCO,GC,1966,Community,Culture,Decl,7,#8c564b,5,#85ca84,,0
1234,UNESCO1971Copyright,UNESCO,GC,1971,NonHR,,Conv,,#c7c7c7,5,#85ca84,,0
1235,UNESCO1974StatusResearch,UNESCO,GC,1974,NonHR,,Rec,,#c7c7c7,5,#85ca84,,0
1236,UNESCO1978RacePreDecl,UNESCO,GC,1978,Discrimination,Race,Decl,6,#d62728,5,#85ca84,,0
1237,UNESCO1994Salamanca,UNESCO,WC,1994,EcoSoc,Edu,,5,#ff7f0e,5,#85ca84,,0
1238,UNESCO1997HumGenDecl,UNESCO,GC,1997,Civil,Bio,Decl,4,#1f77b4,5,#85ca84,,0
1239,UNESCO1997RecStatusHighEdTeach,UNESCO,GC,1997,EcoSoc,Edu,Rec,5,#ff7f0e,5,#85ca84,,0
1240,UNESCO2000DakarFrame,UNESCO,GC,2000,EcoSoc,Edu,Guide,5,#ff7f0e,5,#85ca84,,0
1241,UNESCO2001CultDivDecl,UNESCO,GC,2001,Community,Culture,Decl,7,#8c564b,5,#85ca84,,0
1242,UNESCO2004AccessEducAll,UNESCO,,2004,EcoSoc,Edu,Guide,5,#ff7f0e,5,#85ca84,,0
1243,UNESCO2005ConvDivCult,UNESCO,GC,2005,Civil,Culture,Conv,4,#1f77b4,5,#85ca84,,0
1244,UNESCO2005UnivDecBioethHR,UNESCO,GC,2005,General,Bio,Decl,,#2ca02c,5,#85ca84,,0
1245,UNESCO2009VeniceStatem,UNESCO,COP,2009,EcoSoc,,,5,#ff7f0e,5,#85ca84,,0
1246,UNESCO_ILO1966RecStatusTeachers,UNESCO,ILO,1966,EcoSoc,Edu,Rec,5,#ff7f0e,5,#85ca84,,0
1247,UNFCCC1992,UNFCCC,COP,1992,NonHR,,Conv,,#c7c7c7,6,#487131,,0
1248,UNFCCC2014CoPDec18CP20,UNFCCC,COP,2014,Discrimination,Enviro,Dec,6,#d62728,6,#487131,,0
1249,UNFCCC2015Paris,UNFCCC,COP,2015,NonHR,NonHR-Environment,Agre,,#c7c7c7,6,#487131,,0
1250,UNHCR2012DetentionGuideli,UN,UNHCR,2012,Civil,Refugee,Guide,4,#1f77b4,,#1f77b4,,0
1251,UNSC1993Res872,UN,UNSC,1993,IHL,WarCrimes,Res,8,#7f7f7f,,#1f77b4,#f7afdb,0
1252,UNSC1994StatIntTribRWD,UN,UNSC,1994,IHL,WarCrimes,Res,8,#7f7f7f,,#1f77b4,#f7afdb,0
1253,UNSC2000Res1325,UN,UNSC,2000,Discrimination,Women,Res,6,#d62728,,#1f77b4,#f7afdb,0
1254,UNSC2001Res1379,UN,UNSC,2001,NonHR,,Res,,#c7c7c7,,#1f77b4,#f7afdb,0
1255,UNSC2003Res1460,UN,UNSC,2003,NonHR,,Res,,#c7c7c7,,#1f77b4,#f7afdb,0
1256,UNSC2004Res1539,UN,UNSC,2004,NonHR,,Res,,#c7c7c7,,#1f77b4,#f7afdb,0
1257,UNSC2008Res1820,UN,UNSC,2008,IHL,,Res,8,#7f7f7f,,#1f77b4,#f7afdb,0
1258,UNSC2009Res1888,UN,UNSC,2009,IHL,,Res,8,#7f7f7f,,#1f77b4,#f7afdb,0
1259,UNSC2009Res1889,UN,UNSC,2009,Political,Women,Res,3,#e377c2,,#1f77b4,#f7afdb,0
1260,UNSC2009StatIntTribFRY,UN,UNSC,2009,IHL,WarCrimes,Res,8,#7f7f7f,,#1f77b4,#f7afdb,0
1261,UNSC2010Res1960,UN,UNSC,2005,IHL,,Res,8,#7f7f7f,,#1f77b4,#f7afdb,0
1262,UNSC2011Res1983,UN,UNSC,2011,EcoSoc,,Res,5,#ff7f0e,,#1f77b4,#f7afdb,0
1263,UNSC2013Res2106,UN,UNSC,2013,Civil,,Res,4,#1f77b4,,#1f77b4,#f7afdb,0
1264,UNSC2013Res2122,UN,UNSC,2013,Political,,Res,3,#e377c2,,#1f77b4,#f7afdb,0
1265,VC_OSCE2019GuideFreePeaceAssembl,VC,OSCE,2019,Political,Assembly,Guide,3,#e377c2,,,,0
1266,WC1990EducationForAll,WC,,1990,EcoSoc,Edu,Decl,5,#ff7f0e,,#8c564b,,0
1267,WC1995WomenAction,WC,,1995,Discrimination,Women,AP,6,#d62728,,#8c564b,,0
1268,WC1995WomenDecl,WC,,1995,Discrimination,Women,Decl,6,#d62728,,#8c564b,,0
1269,WFC1974DeclEraHunger,WFC,COP,1974,EcoSoc,,Decl,5,#ff7f0e,5,#9c9cd4,,0
1270,WHO1946Const,IHC,,1946,NonHR,,Const,,#c7c7c7,5,,,0
1271,WHO1978DecAlmaAta,WHO,COP,1978,NonHR,NonHR-Health,Decl,,#c7c7c7,5,#b01427,,0
1272,WHO1988ResWHA4124,WHO,WHA,1988,Discrimination,Living,Res,5,#ff7f0e,5,#b01427,,0
1273,WHO1994DecOccpHealth,WHO,,1994,EcoSoc,Labor,Decl,5,#ff7f0e,5,#b01427,,0
1274,WHO1994ResWHA4710,WHO,WHA,1994,EcoSoc,Living,Res,5,#ff7f0e,5,#b01427,,0
1275,WHO2012ResWHA654,WHO,WHA,2012,EcoSoc,Living,Res,5,#ff7f0e,5,#b01427,,0
1276,WIPO1977MircoOrg,WIPO,COP,1977,NonHR,,Conv,,#c7c7c7,5,#e3ea36,,0
1277,WTO1996TRIPS,WTO,COP,1996,NonHR,,Agre,,#c7c7c7,9,#6c37ea,,0
